brand,score
1863,790517
13230,747319
5894,662468
5027,658952
6513,608671
5399,569808
11279,351053
2825,321301
5232,291906
10894,266843
4370,241728
5689,227085
6000,203606
14079,202538
10392,198167
5395,185749
6344,183657
9516,182171
3381,175096
11552,163085
6054,155673
11824,149117
3628,148812
8877,143794
3783,143338
5503,142968
3064,142062
10533,136813
5271,135603
9517,135152
1083,133395
552,120011
3673,116131
1838,114048
3472,113055
3424,109580
6255,106299
2513,102956
11623,98972
6648,98633
2993,97465
7957,95658
508,91136
9247,88913
8291,81445
1121,80131
9559,78243
2953,74052
1843,73890
2883,72720
4676,72128
3099,70221
10661,69336
6512,67437
3662,67399
3252,66960
12855,66098
10431,65031
10049,63246
4269,63048
3798,57525
7767,57244
5653,57019
9397,56977
10223,55596
8095,54778
7995,54615
12488,54182
5388,52455
3544,52337
9179,51512
10984,50364
9835,49836
7103,49445
11652,49253
7195,48738
13041,48463
4296,48391
11537,47828
10314,47788
12328,47585
437,46639
5468,46516
874,46397
11241,45827
1488,45789
13338,45411
11406,44923
12090,44636
10961,44249
3660,44037
6977,43780
4264,43311
9614,43020
2284,42094
12630,40548
7549,40481
4640,39735
9261,39666
7440,39110
989,38526
5749,38419
9412,37548
5204,36978
10901,36770
12863,36725
9541,36341
3156,35972
12067,35387
10523,34977
446,34742
895,33976
10703,32723
7312,32674
8864,32454
6209,32217
2901,32213
12189,32110
6576,32035
8771,31977
6226,31608
11991,31438
12569,31164
292,31145
3942,30875
9363,30583
242,30370
5867,30122
10740,29876
1421,29365
8874,29357
4830,29111
1854,28970
10242,28534
3687,28377
1968,28061
7344,27884
7876,27731
3368,26976
436,26616
3431,26464
6936,26301
4245,26124
13500,26017
12982,25838
6327,25216
3760,24622
12230,24411
8956,24073
8986,24013
9807,23982
8860,23582
889,23219
8161,22914
1396,22749
10567,22701
8099,22669
5908,22415
9790,22229
12141,22206
10507,22205
9820,22094
9720,21173
5263,20787
814,20663
3940,20634
3475,20499
8561,20208
11757,20057
12753,19984
9053,19889
13381,19857
4116,19713
4582,19514
4898,19439
451,19191
10275,19161
4584,19057
1308,19039
10481,18992
12388,18756
9552,18604
492,18598
939,18583
8650,18551
675,18490
9569,18239
7350,18188
6717,18054
11178,18003
231,17997
3892,17828
11,17608
1427,17441
1385,17363
13727,17332
1518,17311
10590,17237
1674,17232
9579,16960
5273,16912
12326,16734
10258,16511
107,16395
7572,16358
1797,16262
11520,16114
10344,16088
5751,15843
5571,15800
11834,15759
14033,15633
9598,15624
2950,15615
8270,15528
3015,15454
10875,15360
198,15314
10544,15300
7299,15213
2261,15159
13599,15099
4721,15075
4254,15068
11296,14892
10079,14851
8586,14740
9130,14678
8930,14540
7831,14533
5454,14480
9752,14425
5017,14420
215,14373
8664,14302
12147,14137
2610,14112
4999,14095
8077,14062
4778,14015
9847,13993
4747,13964
5550,13962
6724,13914
12345,13902
6228,13826
12685,13770
2153,13765
5623,13616
8126,13599
1303,13514
5513,13396
13926,13390
8132,13373
4333,13247
9450,13210
12368,13191
11307,13158
10072,13083
10753,12895
3852,12881
11763,12794
10356,12617
12553,12532
3979,12517
7606,12297
1169,12236
9001,12152
6828,12058
11489,12050
12170,11968
7393,11954
8665,11941
7929,11900
767,11846
5201,11823
7590,11816
10271,11791
284,11734
9693,11722
11914,11721
4364,11656
11311,11508
8179,11501
10120,11462
3960,11403
11376,11397
5376,11303
12221,11174
12973,11092
13152,11075
11981,11075
4753,11028
740,10978
5533,10946
3502,10925
4520,10900
6417,10877
3944,10842
3975,10735
6795,10726
1483,10701
11756,10684
5822,10653
13326,10635
10686,10619
3397,10619
2415,10595
1392,10587
3275,10562
2656,10506
4190,10499
12311,10488
3378,10467
6045,10382
1963,10379
10135,10360
13712,10342
4213,10279
8010,10250
1230,10204
7428,10192
8796,10157
3988,10143
10290,10129
6460,10066
4605,9983
10460,9889
7516,9876
9444,9875
363,9848
13288,9838
11140,9821
13846,9813
9518,9721
4008,9718
10265,9718
12184,9595
13852,9587
6825,9583
3833,9574
7712,9573
603,9571
12294,9565
881,9562
12744,9494
4247,9478
9205,9434
11821,9419
4111,9392
8365,9386
2334,9370
7955,9357
9638,9345
4625,9315
6689,9286
7917,9281
10520,9257
7880,9254
13280,9228
12304,9196
1370,9163
1509,9153
7582,9126
7383,9123
6541,9117
94,8998
6253,8930
2754,8902
3074,8729
6754,8708
6575,8708
10804,8698
8254,8696
1519,8683
5727,8680
7753,8650
6669,8621
11330,8595
11497,8590
4435,8569
12441,8562
13038,8538
13515,8535
1723,8528
4076,8511
3321,8503
4250,8497
6697,8477
10412,8466
12490,8457
12172,8453
7033,8398
11335,8389
1810,8387
3898,8386
3271,8366
14038,8365
13763,8357
13186,8343
8901,8290
7140,8269
7167,8252
11618,8220
1741,8218
2739,8188
10037,8179
9753,8176
11721,8176
6402,8153
1337,8149
6424,8147
9856,8130
12406,8121
4537,8083
9503,8076
6256,8047
5553,8016
9899,7974
12658,7969
10015,7955
8681,7938
2667,7865
13823,7860
11270,7854
3879,7830
9762,7813
5699,7804
12919,7801
9942,7728
13853,7711
7580,7676
2254,7664
1877,7664
150,7663
630,7649
9298,7640
6945,7613
7079,7605
8792,7599
9401,7593
4642,7565
2551,7526
2828,7501
13332,7481
13547,7460
7322,7438
12135,7434
3709,7425
9100,7411
887,7399
2170,7396
10582,7358
3656,7305
3090,7292
5809,7281
11159,7276
2177,7267
9086,7265
1098,7244
5993,7214
3625,7206
8649,7193
5944,7145
3846,7113
438,7093
10250,7091
11470,7073
574,7066
7939,7020
8966,7006
3093,6987
3925,6966
8765,6924
3046,6885
4329,6872
10722,6853
1110,6852
10121,6817
7639,6816
3528,6814
2631,6813
13971,6813
8744,6807
940,6780
232,6729
6991,6666
8376,6601
9102,6588
8040,6533
5600,6526
733,6514
6431,6497
2730,6480
4773,6459
13590,6404
6194,6380
5951,6345
9664,6337
8709,6322
3827,6321
4593,6318
12261,6312
11103,6274
11589,6274
12564,6274
11797,6237
2313,6237
11135,6235
983,6228
6742,6210
9829,6175
9970,6175
444,6175
1159,6173
3956,6173
1346,6167
9933,6166
11379,6161
4670,6160
13754,6136
1080,6130
6295,6126
3111,6125
4097,6122
13619,6100
3296,6074
12421,6065
3793,6047
13003,6047
8007,6025
5492,6024
1720,6009
5661,5997
200,5984
5360,5974
5084,5954
11917,5934
9909,5919
7791,5907
8583,5901
5127,5899
8854,5866
5480,5859
4931,5844
2490,5841
12479,5836
909,5827
316,5825
12512,5813
9816,5799
11691,5796
7911,5793
12790,5777
4322,5767
8373,5763
13455,5749
4371,5741
6700,5738
1155,5711
6321,5695
5477,5677
2225,5641
4280,5635
10920,5622
12741,5615
10524,5610
10576,5580
279,5577
13092,5572
1650,5561
2252,5557
7708,5554
6531,5551
484,5540
6235,5535
9017,5526
4387,5523
11475,5506
9784,5497
4701,5484
9396,5451
13378,5437
4709,5416
11774,5416
8849,5393
7467,5391
12100,5368
8432,5365
3862,5364
3200,5336
2048,5335
8575,5333
10213,5328
4382,5318
7618,5296
13664,5286
6564,5280
12819,5267
9618,5252
784,5238
6986,5217
6058,5211
10029,5207
7032,5203
10662,5191
10472,5185
12097,5183
10187,5156
169,5152
11039,5145
9576,5127
732,5103
11904,5098
384,5081
10785,5077
8662,5066
7985,5059
2511,5032
4560,5024
10629,5023
5625,5000
2255,4994
8415,4994
13729,4986
11327,4969
13773,4963
4405,4954
3464,4944
4276,4943
13713,4923
12470,4893
7021,4889
12370,4881
4962,4870
7146,4866
13107,4838
1508,4819
9232,4806
10975,4797
856,4781
1990,4766
2029,4766
11076,4754
6020,4754
2568,4751
5002,4739
8749,4730
8280,4728
11508,4715
3067,4714
7811,4699
9833,4697
7117,4682
10216,4680
1441,4656
7297,4654
12615,4648
13374,4640
10012,4638
2949,4637
4540,4636
7390,4627
3000,4626
5065,4625
512,4619
5752,4619
288,4617
8951,4582
13807,4558
11622,4547
8990,4542
2010,4513
13080,4510
13269,4509
4700,4500
9276,4493
12386,4478
6315,4464
10155,4463
5649,4457
2649,4446
4840,4436
13730,4429
14061,4426
13028,4420
6397,4419
108,4415
7551,4411
4636,4407
11895,4405
11879,4404
905,4372
6059,4371
2605,4366
9540,4361
13050,4357
7766,4349
1361,4347
12921,4321
10063,4311
8639,4284
13334,4267
4365,4244
11925,4237
11750,4233
2771,4231
8332,4225
9354,4213
2683,4207
2040,4204
4588,4202
8300,4198
8943,4190
12398,4188
1504,4187
10236,4169
8409,4167
7601,4159
9280,4146
10609,4140
9413,4139
12551,4131
6516,4097
10569,4094
7619,4087
6121,4085
470,4076
3056,4068
5176,4064
4505,4064
1116,4054
8721,4054
11776,4053
2866,4052
12683,4051
10825,4043
6794,4042
5444,4033
11687,4032
56,4020
1173,4019
9109,4017
782,4012
2931,4012
9278,3985
10908,3969
5466,3964
12626,3961
6084,3954
13404,3952
3176,3949
6287,3947
10501,3939
3921,3939
9526,3938
7484,3935
11082,3933
8088,3914
7266,3905
1032,3900
3087,3887
12570,3886
11492,3879
7951,3877
11499,3874
1860,3868
12158,3866
4153,3866
3682,3863
883,3856
4677,3843
6824,3823
280,3818
6248,3817
5494,3807
5915,3800
8605,3784
6456,3781
5981,3780
8043,3776
3843,3773
6678,3764
6307,3759
8537,3752
1564,3752
7205,3738
5319,3720
9118,3719
1956,3719
5522,3717
10239,3710
2298,3707
8480,3702
6331,3700
9334,3691
13698,3687
12680,3685
6367,3665
13932,3662
12996,3660
7023,3652
7645,3652
1267,3643
5332,3640
11771,3622
9090,3619
11339,3616
6655,3614
8371,3611
9959,3611
5351,3603
2016,3598
9849,3594
4864,3569
4273,3566
5881,3557
5372,3556
8879,3547
1969,3546
10529,3544
4954,3541
1317,3528
8066,3512
4282,3511
4561,3505
13963,3504
10678,3492
12862,3489
3081,3486
11625,3476
13176,3473
11595,3462
13396,3461
7404,3461
10846,3454
7452,3451
12239,3449
2158,3432
11909,3428
5701,3427
836,3425
4832,3424
7850,3420
3222,3419
12245,3406
13819,3397
7061,3388
12621,3375
6091,3364
5141,3357
1310,3355
432,3354
7966,3349
13980,3345
11695,3343
13114,3337
8159,3335
3747,3328
12652,3325
12380,3322
13486,3317
13066,3310
11894,3301
590,3300
2463,3283
220,3267
300,3266
888,3248
6526,3248
2160,3248
3690,3232
7250,3221
5354,3204
2204,3198
987,3195
6060,3190
9258,3169
7573,3163
13541,3145
11740,3144
6673,3143
5447,3139
3330,3125
11564,3121
2947,3118
2459,3112
9297,3109
10699,3108
9155,3100
6272,3097
10734,3092
4295,3091
11304,3090
1486,3087
9896,3085
14024,3079
9836,3076
4984,3074
11493,3072
10364,3065
2226,3065
2839,3055
9580,3051
6487,3038
4533,3033
13305,3031
3509,3027
7711,3015
8216,3013
12536,3011
5878,3007
11952,3005
3924,3004
8141,3002
13985,3001
11219,2999
12142,2997
1408,2995
1029,2991
3636,2980
10643,2977
12249,2969
3659,2967
4396,2957
11062,2957
5932,2954
9279,2952
6267,2946
8967,2942
3358,2941
9960,2940
9388,2939
12778,2929
10010,2928
10659,2926
3865,2917
6793,2913
2395,2910
8892,2910
4195,2897
12268,2894
879,2894
8029,2892
4991,2892
5985,2882
7182,2873
7354,2871
12137,2863
5988,2862
1144,2860
738,2853
12837,2839
1166,2837
7928,2835
254,2834
7311,2834
2936,2828
4781,2823
6518,2819
12889,2817
769,2808
12998,2807
8560,2801
5801,2800
4181,2795
6420,2794
1183,2792
12721,2792
1451,2791
4127,2779
2431,2778
8595,2773
12740,2753
1048,2752
1198,2747
1324,2742
10973,2740
9938,2740
2679,2738
9307,2724
10732,2724
5340,2724
6400,2721
12018,2720
3561,2720
9881,2716
3266,2715
1199,2712
12913,2708
8666,2702
8484,2688
7898,2687
483,2685
4110,2678
10380,2671
4965,2670
6247,2669
12584,2668
9610,2657
14073,2656
8004,2647
2130,2647
5773,2644
1096,2638
6792,2637
566,2624
12316,2615
1215,2609
3070,2600
10360,2596
2801,2595
2302,2591
11340,2591
7691,2588
3723,2588
5048,2587
7273,2587
9561,2586
4531,2582
1642,2579
1750,2575
5114,2564
9789,2548
849,2542
2941,2540
11324,2536
7401,2532
2347,2532
12791,2531
10637,2531
11956,2524
5879,2522
4739,2513
6211,2506
9597,2497
9191,2492
7653,2491
7229,2489
410,2488
12251,2482
8147,2469
10304,2464
6989,2462
8512,2461
13892,2458
5622,2449
15,2449
4303,2448
1807,2445
6588,2438
10781,2436
2758,2435
12015,2434
4902,2434
3599,2430
11967,2429
9224,2428
9311,2428
11273,2423
765,2422
4583,2418
6677,2416
11477,2414
8685,2414
9372,2413
758,2409
7720,2408
11398,2408
1126,2406
13915,2406
13007,2400
3670,2391
3279,2389
725,2388
6471,2387
6529,2385
7239,2380
10137,2379
110,2375
2380,2374
12582,2373
155,2369
997,2368
4690,2363
1250,2362
5599,2361
5214,2360
8343,2358
3945,2350
6082,2345
10983,2345
11034,2345
597,2344
1686,2339
5899,2336
8212,2330
4704,2326
10338,2325
2425,2321
13087,2320
4230,2317
11680,2315
1911,2313
1477,2311
13775,2307
7961,2307
3391,2307
5892,2303
8156,2295
7727,2294
1572,2293
6748,2281
7296,2280
11802,2279
2042,2276
4438,2275
1604,2274
9624,2274
6304,2271
12823,2270
9491,2268
24,2268
5320,2267
3001,2266
4159,2266
8491,2265
5276,2265
10751,2263
11599,2258
10725,2252
5165,2250
7673,2247
7276,2247
11281,2241
4210,2218
493,2217
10585,2213
5693,2213
13798,2209
7450,2208
5692,2207
5446,2205
4817,2198
11290,2194
2648,2190
10019,2187
4949,2184
10599,2182
5919,2181
1606,2178
2213,2174
8515,2170
4627,2168
5334,2168
4601,2156
12317,2154
1455,2154
10798,2153
13042,2152
9893,2149
13393,2147
114,2147
5051,2142
11184,2142
3052,2139
3211,2137
9419,2135
11301,2133
5266,2131
12375,2131
7980,2131
6249,2128
12387,2127
11481,2123
12560,2115
9202,2114
12981,2109
7233,2108
1377,2108
11058,2105
11401,2098
13355,2097
13460,2096
5604,2096
1005,2090
697,2080
10930,2076
4437,2072
4025,2071
2373,2069
9127,2069
1561,2067
9101,2065
10322,2064
12161,2060
6401,2059
11685,2050
6562,2050
6550,2049
7971,2048
126,2046
10762,2045
10799,2045
5264,2044
12693,2044
4688,2041
4651,2039
7008,2036
13346,2035
11111,2032
13911,2026
4837,2026
5329,2024
10283,2021
13035,2021
4091,2012
2260,2011
2291,2010
2479,2007
3770,2005
4455,2004
7677,2001
12510,2000
7768,1999
6657,1998
10456,1995
6964,1993
5643,1991
674,1988
7143,1987
1453,1984
13555,1978
1260,1977
12662,1974
7014,1972
10708,1971
7381,1971
7269,1971
9944,1970
13598,1969
9327,1967
5558,1966
7834,1965
8802,1965
934,1962
11393,1961
10839,1960
5566,1956
7511,1955
13638,1954
11038,1953
4609,1949
3339,1948
13425,1942
10464,1942
12968,1942
12506,1941
805,1937
2939,1937
14041,1935
13318,1934
6264,1925
9605,1925
8,1923
12688,1923
13365,1920
11876,1912
9948,1911
2797,1910
205,1905
722,1900
8526,1897
2420,1895
4998,1889
11965,1887
5842,1885
4310,1883
8646,1878
9757,1876
4573,1870
8094,1870
6957,1865
8129,1863
893,1861
296,1859
2413,1856
11037,1853
6985,1851
354,1850
1039,1845
9358,1843
3324,1842
12602,1842
13759,1841
9221,1841
6744,1839
13883,1835
8619,1835
12874,1824
12540,1824
3476,1822
6775,1821
1937,1821
705,1819
6489,1813
2535,1812
6168,1812
6900,1811
11455,1805
7841,1803
1079,1803
8546,1800
13308,1796
11047,1795
6745,1791
12103,1789
10240,1786
5407,1780
606,1779
11840,1779
5686,1777
6549,1775
12111,1771
8234,1770
2926,1767
11055,1765
1304,1762
5369,1762
1970,1760
47,1758
1394,1757
13825,1756
9872,1754
13769,1753
2909,1752
301,1749
11616,1749
6711,1748
9021,1748
515,1746
10209,1745
13840,1743
281,1741
12194,1741
3877,1739
8521,1738
2859,1737
12327,1737
11551,1736
11606,1734
11621,1732
3264,1729
3227,1729
2175,1729
4007,1727
2812,1725
7536,1725
4961,1722
10588,1722
4348,1722
9772,1720
1640,1716
4963,1716
12514,1716
9343,1713
10979,1712
9719,1710
7466,1709
4006,1707
8317,1706
434,1703
5579,1696
4722,1693
7141,1693
3245,1693
3483,1692
3537,1689
5057,1687
332,1683
12219,1682
12772,1680
8656,1673
3171,1672
10331,1672
4468,1670
1954,1669
6363,1669
10935,1668
13670,1665
5635,1665
9637,1664
780,1662
5898,1662
6924,1661
1101,1660
2659,1655
12612,1650
2054,1649
8184,1646
2644,1645
8609,1644
12143,1644
11385,1642
12047,1642
5712,1641
5569,1639
5269,1638
11998,1638
831,1636
118,1636
8716,1633
8633,1633
13323,1632
5678,1629
10446,1625
1213,1623
8405,1623
10795,1620
6154,1619
9229,1618
2050,1617
12802,1614
5430,1613
6975,1612
12397,1610
6521,1610
11482,1604
5930,1603
4372,1601
10218,1598
8723,1593
8378,1592
43,1591
13408,1588
5761,1588
9457,1587
13928,1586
7413,1583
600,1578
13615,1576
5578,1572
7070,1572
838,1570
3789,1565
9593,1562
3727,1559
12029,1558
10043,1555
3619,1555
5763,1553
9488,1552
11282,1551
2236,1551
7504,1544
730,1544
3139,1542
6064,1540
1710,1539
11610,1539
2921,1536
4706,1535
67,1534
7594,1533
11702,1532
922,1531
2385,1531
11256,1530
2378,1524
4074,1524
4510,1521
712,1519
13903,1518
2777,1518
2923,1514
3637,1514
4602,1512
5515,1512
5962,1511
85,1509
1527,1505
6595,1500
10234,1496
13180,1494
13774,1491
3283,1485
4776,1484
337,1479
12319,1479
2076,1477
8869,1473
9199,1469
12592,1467
2312,1466
7690,1464
1916,1461
8907,1459
7709,1458
4923,1455
5406,1452
10944,1452
1601,1451
5041,1448
8598,1446
1242,1445
247,1444
5631,1440
12201,1439
13636,1433
10548,1432
13908,1430
3451,1429
4865,1427
10085,1427
12718,1423
12220,1422
1599,1422
5249,1421
13335,1421
4718,1421
14023,1419
120,1418
5514,1416
1588,1414
3032,1413
4539,1410
6213,1409
6015,1407
12407,1404
9653,1404
3926,1404
11650,1404
10141,1402
10779,1400
8912,1400
12627,1398
1401,1396
4422,1391
6101,1387
11639,1385
7438,1385
12465,1384
12318,1378
2484,1376
318,1375
11663,1373
10733,1367
4656,1366
11439,1365
2569,1364
10532,1362
5186,1361
8627,1361
13644,1361
4869,1360
14006,1359
10402,1355
1362,1354
11091,1354
13065,1351
2633,1349
5927,1349
9023,1348
6796,1347
2202,1347
6446,1345
2342,1343
8809,1339
5258,1336
1190,1331
3795,1331
10735,1331
11365,1330
11924,1325
10044,1324
5308,1323
4880,1322
13215,1321
1233,1321
4775,1319
6804,1316
1835,1315
8541,1314
9161,1313
7111,1313
728,1311
3695,1309
1081,1308
9530,1307
7900,1307
388,1306
4807,1305
77,1304
819,1303
2781,1303
1638,1302
535,1298
13922,1297
11236,1297
12183,1296
3297,1296
10832,1295
5449,1293
5802,1290
863,1290
12760,1290
12773,1288
11644,1288
4320,1288
12636,1287
2370,1285
2831,1285
7213,1283
10519,1283
9721,1282
11664,1281
11158,1280
7772,1279
14018,1273
5438,1272
11837,1269
7817,1269
10559,1269
8916,1267
10593,1266
2753,1266
583,1265
618,1265
5618,1264
591,1264
8368,1263
12229,1261
7365,1258
10174,1257
2856,1256
4179,1254
1584,1253
6750,1251
11237,1251
3102,1250
2396,1248
8247,1248
4191,1247
7057,1247
9808,1245
11833,1244
11790,1243
10912,1243
5998,1243
12037,1241
7472,1239
3289,1238
5426,1238
6580,1238
11643,1237
7359,1237
4450,1234
3623,1234
3359,1232
7405,1229
7392,1229
11460,1228
5037,1226
5824,1225
10379,1223
14002,1222
2454,1220
5829,1218
1649,1218
12690,1218
4092,1215
11705,1213
1550,1213
12711,1212
1471,1211
460,1210
10967,1209
404,1209
8528,1205
8073,1204
12009,1202
9529,1201
599,1198
4996,1197
3123,1197
8191,1196
11992,1196
10836,1196
5309,1196
6423,1195
5081,1194
6219,1193
10332,1193
13876,1193
7815,1192
13416,1188
2620,1184
11274,1182
9632,1175
4751,1173
12342,1171
5403,1170
12558,1166
10929,1166
1152,1162
10466,1161
1632,1158
12598,1156
11985,1156
9895,1156
2437,1155
5706,1154
12864,1151
8428,1151
1456,1150
13415,1150
14064,1147
2251,1146
8104,1144
7622,1144
13831,1143
11883,1142
1288,1142
5901,1140
13701,1139
13508,1139
12321,1137
10741,1136
9375,1134
11114,1133
7329,1132
2564,1131
6542,1130
13098,1128
1643,1128
1253,1127
4657,1125
3453,1122
8675,1120
4439,1119
6618,1119
13023,1118
10336,1117
6660,1117
12964,1117
1356,1117
8075,1116
5324,1114
8052,1113
2092,1113
9153,1111
8250,1111
4228,1110
3489,1110
176,1109
11954,1109
1334,1107
297,1106
1718,1105
6481,1104
3620,1103
11804,1103
3341,1102
10616,1099
9165,1097
10864,1095
8635,1094
6437,1092
13548,1091
11955,1090
4336,1087
12365,1086
13459,1085
12884,1083
12746,1083
9920,1082
5283,1082
417,1081
4274,1081
6821,1081
634,1080
3370,1079
5006,1078
8868,1077
8886,1076
89,1076
13398,1075
9337,1075
12280,1074
7832,1073
9611,1070
13154,1067
5986,1066
10017,1066
6632,1066
8906,1063
2414,1063
11733,1063
10021,1062
8313,1061
7870,1060
10454,1059
8587,1059
10177,1058
11549,1057
427,1056
8479,1054
6326,1054
13850,1053
1514,1052
3343,1052
1794,1052
9435,1052
3558,1052
8661,1051
7242,1051
11995,1050
8954,1050
11480,1050
519,1049
2903,1049
6540,1044
11322,1043
951,1042
447,1042
1002,1042
12195,1042
1249,1040
8187,1040
4221,1039
5073,1038
12997,1038
5220,1036
257,1034
7530,1034
3807,1034
8017,1033
2271,1033
11343,1033
10112,1033
10547,1031
347,1031
3328,1030
1059,1029
5242,1028
10821,1027
10862,1025
8848,1024
6662,1024
1129,1023
13525,1022
6445,1022
6933,1019
1805,1018
10241,1017
2960,1017
8531,1017
11832,1016
10335,1016
5637,1015
807,1014
8710,1013
4599,1013
11170,1013
10500,1011
12762,1010
6686,1009
2132,1009
7095,1008
12112,1008
7737,1007
13428,1004
11632,1004
12197,1004
2211,1003
3085,1003
4813,1002
6048,1002
12008,1001
7755,1000
8118,996
1985,995
8923,995
3318,994
10673,993
13164,992
768,991
6114,987
3647,986
8133,985
5077,985
1815,984
2929,984
9952,984
8937,983
3947,983
2955,983
5964,983
5206,982
382,982
10467,982
12157,981
7131,980
5489,980
1900,980
11200,976
10886,972
8994,972
6478,971
3249,971
13224,971
976,970
13691,968
11223,966
1124,966
3721,966
4251,964
3228,964
8613,962
11770,959
13328,958
338,957
1204,956
1799,956
11183,955
11856,954
910,953
10600,953
10814,953
6888,952
10925,952
10726,952
3194,950
6863,949
11532,948
7670,948
2510,946
6176,945
10716,944
5771,944
10817,943
322,943
13783,943
10620,942
7660,941
3735,941
547,941
11566,937
13265,937
14050,937
713,937
1610,936
8024,936
2525,936
11974,935
8679,935
1150,933
9660,933
10727,933
8171,931
2184,929
2907,929
7856,929
5719,927
5729,926
1800,926
6798,925
12758,925
8724,925
5897,925
10215,925
4197,924
5591,923
5581,923
5647,922
93,921
9815,921
7948,920
6854,918
10514,917
11611,917
13571,916
5589,915
13348,914
3786,914
11097,914
5857,913
1770,913
13330,913
12117,913
11028,912
11316,912
11225,911
12550,910
12601,910
8829,910
5611,909
13861,909
8068,909
2899,908
8148,908
10939,906
1485,906
13645,906
11699,905
1930,904
6078,904
6544,903
8083,902
10048,901
11716,900
10138,899
9293,898
429,897
10592,896
5928,895
5728,894
7189,893
5383,892
5668,892
12,892
8804,891
12784,889
3817,888
5145,887
3631,885
6236,884
9480,884
1630,884
7764,883
3702,883
10797,882
1109,882
12822,881
8182,881
11512,880
5956,880
6502,879
4549,878
11021,877
2114,876
825,876
5229,875
5746,875
6997,874
6010,873
1287,873
6453,872
6896,872
4112,872
2933,872
2079,871
3213,870
6915,869
13322,868
3629,868
5711,867
10613,866
4705,866
13216,865
8991,865
642,862
7534,862
13299,859
7513,858
1742,858
6860,857
11742,854
1736,854
4227,854
5900,854
7707,853
9117,851
8021,851
4750,851
3487,850
6129,849
8145,848
5942,846
10761,845
9349,844
1958,843
12722,843
13132,840
1224,840
2708,839
9230,839
11060,837
9990,835
390,834
1962,833
12124,832
10286,832
10033,832
11536,831
4934,830
9082,828
9913,828
13300,825
3571,824
8887,823
7308,822
8436,822
10315,821
7694,818
8996,818
396,817
11245,817
7035,817
13696,816
13749,816
11529,816
7040,815
7663,811
6627,811
865,811
397,808
6142,806
8828,806
8597,804
1238,804
6584,804
497,803
10297,801
3814,800
2453,800
3051,799
6485,798
5715,798
1726,797
3964,797
3713,797
6680,795
7490,795
8612,795
12452,793
12923,793
1822,793
10465,791
12765,790
13725,790
8401,790
1666,789
4343,789
8867,787
2971,787
12605,787
9650,785
11412,784
8793,784
9175,783
13156,783
9061,783
414,782
1870,781
10564,780
5198,780
7668,779
115,778
11454,777
13394,776
6643,774
4913,774
6676,774
12972,771
3146,771
5095,771
13292,770
1965,770
12123,769
2427,769
6836,769
240,768
2147,768
4841,767
9589,767
4495,767
13859,766
10341,766
7602,766
6603,765
4762,764
12985,764
4662,763
13973,762
11115,760
3905,760
6383,760
4883,758
4925,758
9708,758
2750,757
11392,757
2362,757
10644,757
1301,756
416,755
792,754
5648,754
9215,754
13361,753
4088,753
13686,753
657,753
11229,751
362,751
11641,749
3568,748
12275,748
4244,748
783,747
6858,747
6349,746
7471,745
12948,744
2015,743
1625,743
6901,742
7305,742
12099,742
9310,741
7025,740
11565,739
13131,739
9722,739
7076,739
8678,739
2024,737
2966,736
6017,736
58,736
8735,734
12555,734
6461,734
3674,734
11196,733
10772,732
8259,732
9574,732
855,732
2103,732
157,730
10161,730
4953,730
5677,729
10906,726
4156,726
5869,724
3159,724
2062,724
8487,724
8272,723
7454,722
13761,722
10381,721
12233,721
449,721
7385,720
6035,718
5193,717
5265,716
9160,716
970,715
12824,715
467,715
7894,714
9195,713
4000,713
1996,713
1462,711
5687,711
12788,711
4004,710
2163,709
3322,709
12337,709
8442,709
1205,708
6569,708
8285,708
3021,707
6109,707
9989,707
8361,707
8202,707
3103,706
12761,705
4162,705
2736,704
8850,704
7104,703
13150,703
6694,703
5538,702
1524,702
7942,701
13521,700
2241,700
10816,699
3535,698
9626,698
5576,697
12907,697
9051,697
4844,696
6949,696
5475,696
4579,694
9139,694
4679,694
11377,693
586,692
4339,691
10274,691
164,690
3138,689
12253,688
1943,687
11932,686
11498,686
3708,686
6846,685
12173,685
13263,685
6441,685
6903,684
9799,684
12211,684
1834,683
4818,683
11872,683
6130,682
2763,680
11068,680
894,680
418,678
6528,678
329,677
1635,675
12930,673
13056,672
10889,672
7717,672
5281,671
5704,671
3562,671
9319,670
1329,669
3876,669
2000,668
3658,667
12922,667
5016,665
11354,665
11731,665
11990,664
7289,664
5774,664
11957,662
4385,662
5991,661
6571,659
7064,658
1872,658
13848,657
7739,657
11584,656
138,656
5732,655
13480,654
3838,654
5655,653
3777,653
903,653
9520,652
7576,652
9291,651
11638,650
5865,649
3607,647
7655,647
4164,645
10715,645
11815,644
5146,644
6974,644
8696,643
4466,643
637,642
9219,642
10193,641
9313,641
12580,640
11811,640
6548,640
2034,638
9715,637
2811,636
2026,635
5381,634
4268,634
7558,633
11568,632
3063,632
6743,632
5646,631
13109,631
7706,631
12816,631
5248,630
7223,630
3937,629
12971,629
12840,629
892,629
8767,627
11631,626
8888,625
4083,625
9712,624
7905,624
10122,624
3325,624
6040,624
7960,623
6429,622
4373,622
660,622
5817,622
10900,617
1722,616
192,616
5118,615
13872,614
1960,614
3484,614
12856,613
12376,613
3300,613
11204,612
5543,612
4668,612
11934,611
9384,610
5884,610
10730,610
11185,609
7822,608
1105,608
2046,608
6133,607
686,607
3654,607
7081,605
7743,605
13104,605
12150,604
3380,603
12458,603
12277,603
7009,602
10957,601
2369,601
5358,600
5153,600
5203,599
10245,599
10329,599
11051,599
13090,598
12738,598
8715,597
7301,597
7883,597
834,596
12457,595
8495,595
9513,595
4154,595
12504,595
13866,594
6829,594
9248,594
3086,594
10926,593
5135,593
6608,591
5862,590
4431,590
10107,590
12107,589
3033,589
9727,589
11966,589
13597,587
9459,585
6442,585
13672,584
10607,583
7502,582
3527,582
2905,581
35,581
12113,581
4390,580
4034,579
11278,579
2657,577
11089,577
6630,577
10230,577
1559,576
12961,576
6551,575
4239,573
13681,573
233,570
5743,570
6890,570
8465,569
11486,569
13222,569
6819,568
13873,568
9478,568
8301,568
8142,568
4174,568
9058,568
7609,568
1744,567
3410,566
9707,566
5177,566
6631,566
9252,565
10062,564
10976,563
8853,563
8836,562
5602,562
9510,562
3189,562
13440,559
11364,559
10162,559
6265,559
9438,559
3190,558
371,558
13024,558
8760,558
12703,558
7125,557
12538,557
11793,556
13834,556
8128,556
8426,556
1582,555
4056,555
327,555
12309,555
7578,555
4502,555
6296,554
13359,554
9983,553
6496,552
1450,552
10981,551
7807,550
11298,550
5049,550
7538,550
7584,549
3555,549
6583,549
14049,548
4504,548
7844,547
2637,547
560,547
7050,547
8811,546
11782,546
2653,545
340,545
6862,544
12237,544
1286,544
5348,543
9338,542
4302,542
8333,541
11143,541
364,541
930,540
2555,540
6439,539
2197,539
6504,539
12547,539
4040,538
9223,538
10554,538
8624,537
9423,537
6771,536
3005,535
219,535
4129,535
3613,535
4301,535
878,534
5745,534
8928,532
298,532
11431,529
13945,529
12940,529
12814,529
13509,528
7978,528
11428,528
5906,528
8217,528
5102,527
8920,526
443,526
10694,525
3017,525
13060,524
3700,524
6077,523
9024,523
11275,523
8121,523
4576,522
9766,522
11127,521
11000,520
5379,520
10743,519
9009,517
4018,517
11657,517
8451,516
7916,516
8579,515
3075,515
13957,514
632,514
5058,513
13855,513
5304,513
11510,512
6375,512
7769,511
1313,511
6146,510
2053,510
7613,509
7480,509
9882,508
7843,508
8539,508
11447,508
6615,508
3591,507
3198,505
5491,505
7463,505
10111,505
1010,503
7215,501
7491,501
1442,501
5115,501
2908,500
11703,500
4581,500
7512,500
13747,500
4327,499
9592,498
10092,498
12402,497
8356,497
2761,497
7859,497
13472,497
7784,497
5458,497
612,497
2786,496
11384,496
9350,496
2517,495
11604,495
1420,494
4391,494
9323,494
2227,494
12449,493
8962,493
4147,493
4559,493
6931,493
10363,492
10282,491
659,491
6658,491
11295,490
2542,490
3004,488
2159,488
13492,488
6422,488
12990,487
8084,487
6640,486
8764,486
13832,486
12860,486
13551,486
9216,486
10108,485
8327,485
2688,484
12446,484
5473,484
6993,484
8326,483
13356,483
756,482
9934,481
3584,481
6507,481
9745,480
504,480
12121,479
11272,479
7419,479
8777,479
11046,478
6633,478
1886,478
3238,477
9875,477
4234,476
8517,476
5453,476
6940,475
16,475
13748,475
10091,475
8998,475
3994,474
7210,473
2443,473
2817,473
10179,473
11836,472
7956,472
6909,471
3060,470
9093,470
11090,470
13187,469
1234,469
8601,468
12056,467
5254,467
3393,466
1452,466
8387,466
6348,466
8611,466
13135,465
2183,464
8617,464
7607,464
13923,463
12356,463
829,463
12946,463
7034,463
11131,462
12545,462
13284,461
7756,461
3215,461
6691,461
10789,459
13409,459
12491,459
10038,459
12710,458
9511,458
6638,458
7953,457
12528,457
8810,456
1491,456
2539,455
7084,455
2589,455
4874,455
10101,454
9340,454
7996,454
2603,454
1300,453
9885,453
4356,453
1227,453
8050,452
14047,452
669,452
13526,452
13475,452
920,451
1274,450
12735,449
5212,449
9769,448
12202,447
12844,447
10257,447
11519,446
12351,446
12649,446
11553,446
1193,446
10134,446
7030,446
13612,445
9991,445
8542,444
3170,444
8385,444
13865,443
9548,443
3667,443
1473,443
3402,443
1852,442
8311,441
8178,441
1513,441
9515,441
5794,441
5098,440
10796,439
6855,439
5650,438
7361,438
1928,438
11150,438
8608,437
12659,437
9228,437
3972,436
12480,436
7591,436
11419,435
5525,435
6929,434
11427,434
623,433
34,433
13452,433
11579,432
12917,432
3140,432
12096,431
5554,430
978,429
5132,429
1556,428
8979,428
8261,428
2218,427
13797,427
12651,427
1758,427
13148,427
10052,427
12193,427
10771,426
9550,425
996,425
2702,424
4691,424
5800,422
3830,422
1811,422
7804,422
11826,422
4464,422
7430,422
11095,422
309,421
4010,421
924,420
5236,420
2122,420
5208,419
9003,419
7514,419
3626,418
1257,418
6026,417
13040,416
4114,416
11320,415
9728,415
994,415
7963,414
11720,414
1892,414
4449,414
8413,413
4557,413
808,413
13055,412
5844,412
3594,412
2848,412
8872,412
1656,412
5827,411
2133,410
11861,410
11679,410
1861,410
4754,409
536,409
10288,409
1555,409
2720,408
5595,408
11950,408
7522,408
6440,408
6382,408
7174,407
7669,406
5412,406
12468,405
7460,405
840,405
11443,404
953,403
3756,403
9558,403
11422,403
11696,403
4115,403
4172,403
2725,402
10844,402
11430,401
442,401
13377,401
1447,400
8606,400
13214,400
1120,400
13868,399
8904,399
1971,399
13034,399
13943,398
8419,398
10927,398
4035,398
8468,398
614,398
3428,397
10418,396
10040,396
2007,396
1431,396
5365,396
7849,395
12127,395
3287,395
14017,395
11779,395
620,394
9556,394
6251,393
245,393
5565,393
3236,393
4309,393
4323,393
11791,392
6714,392
11300,392
5055,391
4990,391
8016,390
8501,390
8742,390
11761,390
4287,390
11784,390
1087,390
582,390
9839,390
2621,390
10565,389
5067,389
4036,389
12666,389
4354,388
6308,388
1727,387
7800,387
4474,387
271,386
4889,386
8527,386
6155,386
7685,386
7325,385
10284,385
13879,385
9850,384
2886,383
12527,383
11009,382
10873,382
5004,382
10654,382
172,381
5437,381
4160,381
4759,381
8047,381
1102,381
7439,381
12140,380
10175,380
10181,379
4397,379
539,379
3382,378
12128,378
5987,377
2537,377
11164,377
2733,377
6703,377
13352,377
1407,376
4553,376
3505,376
6762,376
7674,375
1501,375
7904,374
6922,374
11882,374
11250,374
3457,373
11603,373
3403,373
6813,372
8885,372
12657,372
8516,372
4128,372
10309,372
4684,372
7915,371
6243,370
10485,370
2120,370
11645,369
1876,369
9066,369
5140,369
11317,369
4647,369
2343,369
13366,368
5147,368
2199,368
4429,368
7415,368
1762,367
13623,367
4927,367
46,367
9271,367
11045,366
507,366
5859,365
10947,365
11399,365
5326,365
13989,364
3915,364
9152,364
14066,364
3872,364
9493,364
1505,364
8761,363
10941,363
8072,363
8114,362
11346,362
8826,362
9383,361
12934,361
9042,361
7465,361
5994,361
12836,360
2374,360
4819,360
10826,360
2762,359
13737,359
13462,359
28,359
8736,358
4713,358
1279,358
2052,357
3269,356
4554,356
13228,356
12129,355
5355,355
11888,355
6200,355
8702,355
402,355
13517,354
4555,354
4052,354
6165,353
6969,353
7260,353
2851,353
9812,353
5617,352
5813,352
5838,352
12885,352
3230,352
4415,351
3363,351
11395,351
3305,351
8248,351
12859,350
8093,350
11933,350
12631,350
3082,350
2456,349
1495,349
6418,348
7000,348
6303,348
8268,348
2367,348
6867,347
8711,346
13863,346
4256,346
1316,346
5943,346
6009,346
2198,345
4240,345
3293,345
6797,344
1641,344
8444,344
10396,343
9946,343
689,343
9430,343
1824,343
9746,342
9848,342
11803,342
5478,341
13421,341
13514,341
9748,341
8320,341
12910,340
8431,340
6019,340
1106,340
5233,340
2788,339
4120,339
6354,339
7997,339
13988,338
13275,338
13212,338
10064,338
8913,338
8999,338
3482,338
9930,337
7435,337
6712,336
8344,336
2269,336
4839,336
10556,336
12835,335
5046,335
907,335
3181,335
343,335
3622,334
2288,334
189,334
10615,334
7411,334
9949,333
3435,333
13447,333
13744,333
4414,333
4072,333
13633,333
695,332
12357,332
13103,332
4461,332
3023,331
9366,331
10340,331
97,330
6195,330
5523,330
6506,330
7781,330
9687,330
13789,329
12409,329
1212,328
8905,328
11403,328
13570,328
8476,327
1851,327
3542,327
10206,326
10638,326
12842,326
8698,326
3254,326
3097,325
13856,325
6938,324
4457,324
9025,324
7384,324
3567,324
11808,324
1412,324
12290,324
1353,324
9937,323
13200,323
5072,322
7864,322
886,321
10405,321
13260,321
12423,320
12999,320
13473,320
3006,319
1305,319
4733,319
1675,319
8469,319
4045,318
11226,318
10879,318
10773,318
12687,318
13921,316
8439,316
11513,316
12044,316
3948,316
13477,316
7399,316
8319,315
199,315
1033,315
13560,315
2089,315
11521,315
3592,314
12435,314
8380,314
3065,313
1467,313
13927,313
3500,313
5889,312
13860,312
3732,312
13336,312
80,312
11093,312
171,311
7121,311
6409,311
8695,311
13822,311
13583,310
13665,310
9625,310
6893,310
5171,310
9716,309
11410,309
7362,309
11122,309
3216,308
3645,307
13954,307
10635,307
8704,306
7152,306
7291,306
9674,305
9499,305
9331,305
4567,305
1580,304
7566,304
3889,304
11853,303
8807,303
4066,302
4212,302
14080,302
8983,302
10824,302
885,301
4407,301
9682,301
3829,301
522,301
270,300
8152,300
2984,300
11345,300
9243,300
57,300
6811,299
9196,299
12091,299
3282,298
6144,298
3166,298
7087,297
1910,297
2434,297
9373,297
12546,297
5739,296
12105,296
1163,296
13128,296
11211,296
5586,296
9218,296
4410,295
2290,295
8253,295
8005,295
6278,295
12492,295
11465,295
10823,295
5128,294
5516,294
8743,294
10522,294
7680,294
9200,293
2671,293
12810,293
938,292
5570,292
9633,292
389,292
8909,291
4638,291
12796,290
10247,290
2348,290
2309,289
11818,289
1402,289
3174,289
4155,289
4359,288
13236,288
2119,288
13295,288
12861,288
3678,288
1180,288
13457,288
13436,288
3590,287
5765,287
5218,287
7729,287
12701,287
11078,287
12031,286
4479,286
4090,286
6021,286
8031,285
11220,285
11624,285
4895,285
13939,285
10679,285
1820,285
3646,284
10987,284
4515,283
514,283
5937,283
607,283
4188,283
7548,282
12228,281
2097,281
2117,281
6602,281
10561,281
13033,281
4860,280
6661,280
8870,280
8897,280
8697,280
13329,280
2747,279
9111,279
13195,279
4812,279
5963,279
6230,278
7614,278
501,278
6004,278
5402,277
11886,277
5855,277
8851,277
1597,277
4663,277
7587,276
10853,276
13062,276
9189,276
7317,276
2278,275
13441,275
8641,275
5230,275
13223,275
6833,275
1135,274
5805,274
5590,274
2051,274
8782,274
6052,274
13375,274
4101,274
7487,274
12674,273
12464,272
1602,272
662,272
6844,272
11636,272
12325,272
13012,272
9416,271
11214,271
1801,271
2156,270
13165,270
1904,270
11697,270
11916,269
2384,269
4136,269
6450,268
11474,268
9797,268
290,268
8855,268
1413,268
2306,267
1092,267
7049,267
6306,267
2304,266
9982,266
7506,266
125,266
3621,265
7697,265
13496,265
5255,265
7170,265
10210,265
4500,265
7274,265
564,264
8443,264
3412,263
13483,263
9206,263
9586,263
12344,263
12058,262
9136,261
4087,261
2485,261
7519,261
4028,260
6579,260
10895,260
3774,260
9477,260
11693,260
259,259
799,259
10129,259
9862,259
10568,259
10503,259
13350,259
3180,259
6503,259
12739,259
9273,259
1613,258
6874,258
12483,257
2988,257
1578,257
3523,257
208,257
7873,257
12035,256
8738,256
13463,256
12450,256
11707,256
2693,256
9170,255
4467,255
11688,255
12331,255
4408,255
4226,255
8283,255
2101,255
13134,254
1209,254
11825,254
3184,254
9620,254
540,254
12905,254
10318,254
2989,253
1932,253
10542,253
7479,253
6399,252
9806,252
13518,252
13538,251
10109,251
9634,251
1793,251
11602,250
3895,250
10199,250
9443,249
10191,249
13372,249
11945,249
10237,249
8927,248
1463,248
6134,248
10264,248
10692,248
12801,248
2316,248
9765,248
4017,248
4508,248
4577,247
13138,247
7363,247
9022,247
3137,247
6262,247
8124,247
11773,247
2914,247
9326,246
7973,246
66,246
6479,245
9137,245
3361,245
12975,245
6012,245
820,245
5836,245
3929,245
1530,245
10214,245
13787,245
2185,244
1294,244
13777,243
4214,243
3534,243
5721,243
11146,243
544,243
1961,243
8658,243
6982,242
1890,242
6469,242
1315,242
8078,242
4367,242
13961,241
4806,241
11105,241
8276,241
9151,241
7377,241
13656,240
851,240
10746,240
6368,240
7001,240
2538,239
6120,239
2869,239
8438,239
13009,239
5626,239
4079,239
9018,239
633,239
3299,239
7897,238
10227,238
3738,238
10328,238
7412,238
12870,237
4926,237
11239,237
1806,237
4360,237
5418,236
7827,236
10159,236
1829,236
10254,236
8425,236
11502,236
2861,235
12525,235
4259,234
2274,234
3855,234
243,234
1670,234
5845,233
9362,233
6764,233
4369,233
2128,233
2884,232
2256,232
5183,232
3927,232
3400,232
8011,231
2678,231
12805,231
2314,231
13376,231
1560,231
12583,230
3026,230
2410,230
458,230
413,230
2324,230
13580,230
4462,230
8445,230
8460,230
4544,230
9211,230
6610,230
1888,230
10080,229
9004,229
6192,229
9315,229
1941,229
2416,229
5116,229
2493,229
7738,228
5350,228
4125,228
8574,228
10347,228
790,228
8837,228
8067,228
3449,228
12299,228
6380,228
12542,227
13585,227
12234,227
10,227
963,227
7676,226
10680,226
234,225
577,225
13254,225
13606,225
4872,225
9622,225
12324,225
615,225
5703,224
7347,224
5814,224
147,224
5545,224
12929,224
3803,224
5363,224
8032,223
9220,223
21,223
10896,222
2471,222
13189,222
11201,221
13291,221
12573,221
6143,221
7700,221
13764,221
6545,221
7078,221
11528,221
10055,221
811,220
8505,220
4768,220
10578,220
8684,220
102,220
7872,220
7533,220
8226,220
12567,220
5252,219
10966,219
2823,218
4374,218
4149,217
3421,217
255,216
4763,216
12445,216
1592,216
6097,216
3973,215
6978,215
11580,215
12522,215
10073,215
2578,214
12339,214
7406,214
12210,214
5047,214
8917,214
7814,214
14057,214
13553,214
10887,213
4621,213
8115,213
2847,213
4165,213
5169,213
8873,213
9953,213
10750,213
4411,213
2838,213
11081,213
7785,213
11073,213
7890,213
8772,213
12074,212
4047,212
11382,212
6802,212
6704,212
2229,212
5902,212
679,212
7237,211
1579,211
6115,211
5959,211
4388,211
4512,211
6654,211
4119,211
13001,210
2738,210
11121,210
11754,209
3792,209
5275,209
9378,209
715,209
7397,209
3579,209
13058,208
4393,208
3859,208
2942,208
5979,208
9538,208
11101,208
8615,208
12288,207
604,207
13683,207
3313,207
6493,206
9802,206
11487,206
8827,206
5984,205
276,205
10649,205
9666,205
14055,205
818,204
4780,204
4064,204
2157,204
13450,204
5640,204
8939,204
6758,203
13303,203
7080,203
10082,203
7543,203
10145,203
8625,203
13498,203
7812,203
3129,203
6454,202
9456,202
1931,202
8852,202
13745,202
4050,202
527,202
12346,202
8350,201
11321,201
10285,201
7227,201
8242,201
7593,201
9236,201
4938,201
2918,201
13540,200
6436,200
11976,200
10083,200
6682,200
8787,200
9166,200
6018,200
8504,200
11444,200
962,200
2247,200
7319,200
9537,199
8830,199
9553,199
7142,198
7824,198
7022,198
4288,198
2717,198
10589,198
1008,198
7306,198
6892,198
4707,198
9385,197
3593,197
10624,197
3813,197
2238,197
13706,197
2545,197
5795,197
11585,197
3606,196
6559,196
6499,196
12003,196
9661,196
7518,196
3828,196
2203,196
82,196
6739,195
12403,195
6573,195
13213,195
9635,195
1271,195
9750,194
625,194
7367,194
11684,194
13047,194
4182,194
2502,194
3095,194
1084,194
8342,194
1869,194
13662,193
1194,193
10201,193
4167,193
1626,193
2281,193
11654,193
3196,192
5913,192
5338,192
7950,192
13339,192
3258,192
13369,191
2216,191
10566,191
524,191
7577,191
3161,191
10682,190
6299,190
11597,190
6161,190
2946,190
8218,190
9533,190
7442,190
6766,190
7954,190
3425,190
10611,190
2102,190
3575,190
4492,190
3478,189
435,189
1436,189
6224,189
6225,189
1357,189
13804,189
8822,189
10502,188
5411,188
5768,188
3884,188
6258,187
10477,187
7010,187
12678,187
11389,187
10527,187
3109,187
8489,187
692,186
5684,186
12638,186
9088,186
9939,186
14051,186
4649,186
11851,186
5323,186
9420,185
13505,185
10528,185
13953,185
13094,184
12400,184
1404,184
2615,184
7192,184
12024,184
12439,184
1439,184
1393,184
9521,183
2888,183
12467,183
8339,183
1624,183
1269,183
1140,183
10618,183
1350,183
2951,183
4916,183
4980,182
3242,182
7423,182
1795,182
4632,182
8933,182
13976,182
1678,182
8676,182
116,182
398,181
6777,181
12671,181
9194,181
1919,181
3546,181
3771,181
3521,181
5392,181
946,181
324,181
5443,181
6505,181
1119,180
7356,180
2614,180
10144,180
4200,180
3143,180
9698,179
13979,179
1654,179
4044,178
5573,178
1026,178
687,178
7151,178
11943,178
1252,178
8310,177
12936,177
7568,177
11257,177
2268,177
5920,177
9858,177
2494,177
8034,176
1093,176
6557,176
9465,176
4556,176
984,176
4912,176
10630,176
12524,176
13388,176
9251,175
6217,175
11117,175
10517,175
11161,175
6426,175
12432,175
12066,175
11939,174
3850,174
11303,174
2647,174
4667,174
13051,173
6184,173
13146,173
4838,173
4521,173
1278,173
12641,173
2346,173
4888,172
6736,172
12428,172
2085,172
12620,172
13799,171
3068,171
2352,171
13742,171
13910,171
12544,171
4680,170
11813,170
11205,170
13170,170
11418,170
12732,170
6866,170
7636,170
9534,170
1773,170
8038,169
4845,169
12552,169
9956,169
4589,169
409,169
8400,169
2322,169
13885,169
7459,168
12872,168
6719,168
7005,168
11926,168
10045,168
4911,168
12978,167
6511,167
4331,167
3155,167
9700,167
201,167
4696,167
2917,167
3058,167
9209,167
3864,167
2107,167
5946,167
9965,166
3816,166
5705,166
9917,166
11633,166
9098,166
2328,166
10188,165
10233,165
9928,165
5032,165
374,165
969,165
7683,165
3598,165
3681,164
13896,164
9713,164
4215,164
9636,164
9080,164
2677,164
7267,164
1149,164
13105,164
3108,164
1516,164
6046,164
1013,163
12675,163
2719,163
839,163
7096,163
12689,163
678,163
13527,163
8025,162
803,162
420,162
244,162
11806,162
13242,162
772,162
734,162
11546,161
1901,161
9657,161
2232,161
13043,161
1551,161
1256,161
6007,161
8780,160
789,160
4272,160
529,160
4569,160
7436,160
1887,160
1819,159
5148,159
6788,159
8123,159
2956,159
6659,159
4641,159
2746,158
3934,158
11434,158
13159,158
3096,158
6622,158
12005,158
6768,158
9490,158
6725,158
2566,158
5028,158
7134,158
1430,158
9318,158
13204,158
3763,158
6831,158
8377,157
12886,157
1537,157
4603,156
6908,156
454,156
5457,156
1035,156
13005,156
2922,156
1615,156
7643,156
3530,155
11835,155
3003,155
6470,155
7124,155
8969,155
1366,155
6574,155
9823,155
9187,155
2547,155
9912,155
9915,155
8599,155
7094,155
9432,155
13655,154
7770,154
3958,154
13781,154
11387,154
5688,154
9647,154
3775,154
9471,154
2047,154
10212,154
10486,154
13018,154
5556,153
531,153
5104,153
488,153
2058,153
1618,153
2382,153
12078,152
5109,152
10892,152
11845,152
5405,152
8362,152
11655,152
11050,152
7148,151
6087,151
2449,151
8096,151
626,150
1336,150
11947,150
6972,150
11678,150
239,149
6910,149
1037,149
2654,149
5259,149
3615,149
11014,149
1728,148
3837,148
1622,148
5163,148
11889,148
8535,148
2830,148
10053,148
6252,147
4728,147
9132,147
6293,147
2745,147
1014,147
7826,147
8089,147
8648,147
7679,147
6427,147
6140,147
5717,147
6891,147
8452,146
4350,146
13493,146
9040,146
7159,146
12159,146
12136,146
6919,146
12707,146
3323,146
3707,146
6911,146
8195,146
11544,145
11877,145
11647,145
10540,145
9085,145
4770,145
11466,145
10907,145
6810,144
1139,144
11413,144
350,144
5088,144
3031,144
8938,144
13685,144
12625,144
9992,144
9270,144
830,143
10830,143
4743,143
6030,143
12619,143
12478,143
12780,143
2990,143
4118,143
13442,142
3049,142
1912,142
4535,142
11704,142
3507,142
3635,142
4919,142
1821,142
5754,142
5260,141
3638,141
7357,141
10016,141
8314,140
3066,140
6373,140
11918,140
2091,140
1791,140
11708,140
10389,140
6421,140
13319,140
12633,140
6282,140
10150,140
5758,140
9680,140
3765,140
12875,139
13465,139
5938,139
9265,139
1591,139
5291,139
12681,139
9818,139
7457,138
13287,138
4394,138
9426,138
8982,138
12181,138
3894,138
5315,138
3524,138
6289,138
7851,138
7994,138
10784,138
12716,137
516,137
12915,137
10002,137
5871,137
3440,137
8591,137
3272,137
13808,137
2686,136
8525,136
11267,136
8683,136
8370,136
12665,136
12731,136
11308,136
2783,136
10504,136
8722,136
10757,136
7745,136
12073,136
10828,136
8630,135
11360,135
10874,135
8783,135
10713,135
5063,135
5568,135
1611,135
7604,135
2531,134
9542,134
3602,134
7368,134
12081,134
3104,134
6791,133
916,133
8899,133
2057,133
13199,133
13513,133
6884,133
5628,133
12903,133
5755,133
1065,133
1568,133
4578,132
12698,132
1871,132
8763,132
2694,132
13702,132
9609,132
3105,132
11522,132
7895,132
4440,132
11935,131
8814,131
7659,131
8345,131
11646,131
8203,131
13078,130
5205,130
5783,130
5245,130
2896,130
8524,130
6483,130
8243,130
6447,130
7451,129
1708,129
972,129
4600,129
13667,129
13343,128
12167,128
7066,128
11494,128
9190,128
2014,128
4674,128
145,128
6709,128
10802,128
8550,128
2727,127
12894,127
1344,127
10066,127
4716,127
12806,127
1755,127
10153,127
13728,127
2596,127
4645,127
8755,127
2557,126
10508,126
10022,126
4948,126
3900,126
8325,126
2996,126
500,126
9751,125
9361,125
2093,125
5744,125
5952,125
8573,125
206,125
13511,124
572,124
5726,124
1895,124
9497,124
8363,124
285,124
653,124
1157,123
2724,123
10352,123
7027,123
12797,123
8139,123
4472,123
11029,123
1268,123
5764,123
2713,123
841,123
8690,123
2818,123
9813,123
6675,123
8713,122
8631,122
13909,122
1429,122
1993,122
7696,122
5352,122
2890,122
9723,122
1731,122
8500,122
6482,122
7352,122
10058,122
3389,121
11953,121
12853,121
2178,121
8258,121
2819,121
4675,121
7748,121
3054,121
8626,121
581,121
7373,121
14035,121
2516,120
7493,120
5821,120
2843,120
1489,120
1855,120
2774,120
1987,120
7012,120
2937,120
10882,119
2301,119
7116,119
9773,119
5246,119
13179,119
10598,119
2616,119
2134,119
8002,119
3943,119
2915,119
3513,118
2518,118
6254,118
3918,118
9483,118
6474,118
9655,118
2448,118
6688,118
9282,118
11689,118
9828,118
12272,118
1512,118
3759,118
5274,118
5819,118
3423,118
11987,118
289,118
1980,118
2043,118
4381,118
4037,118
2662,118
7015,118
7592,118
2975,118
2308,117
5452,117
11002,117
12377,117
6273,117
7488,117
6419,117
1633,117
2129,117
677,117
4914,117
13632,117
10916,116
13173,116
10950,116
3784,116
8416,116
9804,116
10792,116
646,116
12054,116
11141,116
9747,116
3525,116
2695,116
12768,116
8953,116
7539,116
2599,116
10518,115
13418,115
6926,115
3221,115
12733,115
6534,115
5936,115
2174,115
1891,115
12866,115
9414,115
6175,115
6206,114
6759,114
5387,114
13794,114
3976,114
3292,114
1936,114
3130,114
13587,114
14004,114
13544,114
6918,114
4499,114
2088,114
13419,114
13782,114
5967,114
2624,114
3729,114
2681,113
230,113
11923,113
12911,113
13964,113
5336,113
7208,113
3618,113
12178,113
10130,113
528,113
12908,113
4237,113
3749,112
3649,112
13169,112
11194,112
10143,112
13271,112
1276,112
4019,112
4338,112
13085,112
4400,112
11781,112
2759,112
12171,112
1354,112
1114,112
12906,112
391,111
11132,111
12898,111
13905,111
14005,111
3653,111
11675,111
2021,111
4683,111
1687,110
10310,110
8372,110
10388,110
12713,110
1414,110
944,110
8103,110
8143,110
13889,110
14015,110
1709,109
2986,109
3288,109
9048,109
9842,109
5614,108
13193,108
3733,108
9290,108
2167,108
2756,108
5112,108
3517,107
12833,107
6818,107
2809,107
11600,107
12610,107
5856,107
8839,107
4921,107
10580,107
6164,107
5343,107
8797,107
3149,107
8035,106
1574,106
9159,106
6338,106
7127,106
10664,106
13987,106
11785,106
12494,106
11541,105
5700,105
5495,105
3891,105
8210,105
1289,105
9241,105
824,105
11869,105
2064,105
6999,105
4469,105
13981,104
3430,104
1099,104
4225,104
9800,104
1818,104
2150,104
10226,104
4376,104
4082,104
5101,104
2139,104
10385,104
7201,104
13240,104
8614,104
11145,104
11177,104
1444,103
440,103
4820,103
1832,103
6596,103
6620,103
472,103
685,103
12459,103
4699,103
4038,103
10964,103
12061,103
3335,103
9133,103
8249,103
2368,103
13631,103
3742,102
791,102
8392,102
10042,102
13605,102
2701,102
7918,102
1653,102
11694,102
11736,102
1787,102
83,102
8756,102
1171,101
10591,101
10447,101
6943,101
291,101
6687,101
6882,101
6950,101
5337,101
9761,101
1790,101
5022,101
948,101
2205,101
7055,101
4970,101
4748,100
5268,100
6270,100
10608,100
12315,100
6443,100
4284,100
11613,100
7763,100
11271,100
4249,100
9077,100
718,100
12818,100
3029,99
9176,99
4238,99
11858,99
9691,99
12715,99
1959,99
2173,99
6737,99
4904,99
7224,99
5397,99
10905,99
11968,99
13246,99
13470,99
1219,99
1765,98
832,98
13,98
13907,98
5187,98
5400,98
6968,98
5470,98
10991,98
12694,98
1480,98
3496,98
661,98
12431,98
7072,98
4821,98
6187,97
8058,97
12587,97
336,97
6104,97
8475,97
8471,97
11495,97
12653,97
8706,97
1254,97
11505,97
11457,96
7734,96
13370,96
5182,96
2279,96
12104,96
5931,96
4080,96
11681,96
4123,96
5143,96
9395,96
4796,96
12493,96
325,96
12941,96
4514,96
9071,96
13030,96
9710,95
441,95
335,95
9360,95
5970,95
2964,95
8160,95
5391,95
9128,95
5893,95
9284,95
8754,95
1724,94
1548,94
1342,94
533,94
1955,94
6667,94
13293,94
11109,94
4252,94
12258,94
1733,94
1922,94
3785,94
6029,94
3881,94
10720,94
2700,93
12429,93
12857,93
12697,93
513,93
6197,93
8189,93
11390,93
1375,93
2852,93
11651,93
5980,92
6212,92
11119,92
12222,92
5511,92
9566,92
476,92
7889,92
13755,92
3750,92
1123,92
12847,92
554,92
3448,92
3234,92
2087,92
7892,92
6537,91
4867,91
4271,91
11048,91
10563,91
10078,91
5231,91
2282,91
4070,91
3963,91
9781,91
7098,91
10421,91
7051,91
6160,91
9857,91
7187,90
7453,90
4868,90
2780,90
13198,90
721,90
3754,90
2192,90
2501,90
11780,90
4595,90
5192,90
8952,90
12942,90
10482,90
2329,90
696,89
6455,89
3027,89
2704,89
12890,89
10333,89
12977,89
7867,89
9980,89
13270,89
8474,89
6031,89
1521,89
13642,89
13572,89
3632,89
10110,89
1730,89
6563,89
11963,89
13464,89
11671,89
4362,89
5190,89
9685,89
10557,89
10479,88
3991,88
4316,88
10280,88
2670,88
10420,88
9972,88
12430,88
13913,88
9785,88
5428,88
13784,88
7307,88
12507,88
5096,88
12227,87
10769,87
12851,87
1138,87
8881,87
2574,87
8136,87
4027,87
5476,87
7821,87
1953,87
6641,87
8781,87
11535,87
5664,87
7097,87
11960,87
11313,87
1867,87
1782,87
11714,87
8296,86
2552,86
7902,86
1547,86
6923,86
12482,86
5139,86
10666,86
8462,86
14054,86
9056,86
12363,86
11174,86
13844,85
13403,85
2191,85
3241,85
5910,85
10876,85
12517,85
13815,85
9332,85
4875,85
2168,85
2623,85
8222,85
8845,84
7236,84
1326,84
9116,84
5456,84
13258,84
2230,84
7805,84
5126,84
11701,84
12471,84
7448,84
2541,84
328,84
13147,84
12153,84
6995,84
8138,84
9034,84
1545,83
3689,83
11191,83
1016,83
8273,83
6666,83
14021,83
8433,83
3150,83
10728,83
13817,83
12216,83
3901,83
13317,83
9570,83
3071,83
6463,83
9402,83
6113,83
3290,83
9052,83
12198,83
3766,83
11433,82
9796,82
12526,82
3776,82
6283,82
13100,82
2002,82
11334,82
12343,82
6581,82
1175,81
10394,81
2030,81
3362,81
293,81
3839,81
4085,81
2967,81
13399,81
8554,81
2692,81
3941,81
844,81
1616,81
5346,81
139,81
13800,81
2325,80
568,80
988,80
7881,80
781,80
1594,80
2240,80
509,80
891,80
3559,80
2669,80
3748,79
1090,79
4475,79
10990,79
12372,79
4905,79
8418,79
2673,79
11739,79
1757,79
10194,79
12949,79
506,79
72,79
3083,79
272,78
13077,78
5806,78
4886,78
9108,78
13111,78
1663,78
9400,78
8985,78
4270,78
8708,78
6761,78
12049,78
2526,78
9390,78
11446,78
645,78
3633,78
326,78
13935,78
2601,78
7376,78
13433,78
13434,78
10299,78
3887,78
4198,77
214,77
10339,77
10470,77
2293,77
10455,77
7509,77
1383,77
2661,77
12530,77
4013,77
9047,77
100,77
11741,77
8048,77
6153,77
12708,77
8165,77
10050,77
7309,77
8824,77
9259,76
2418,76
3933,76
3950,76
10125,76
2981,76
1034,76
11722,76
932,76
11557,76
1365,76
8166,76
25,76
9217,76
12433,76
3089,76
7470,76
395,75
13155,75
3118,75
2355,75
3728,75
2320,75
1554,75
4587,75
10968,75
9418,75
3320,75
1949,75
1906,75
897,75
9852,75
6207,74
11931,74
4786,74
1905,74
1229,74
4121,74
7408,74
12617,74
8028,74
8063,74
912,74
8562,74
10768,73
11139,73
13321,73
13294,73
9027,73
9596,73
1779,73
10406,73
12256,73
3969,73
4383,73
5497,73
6613,73
6757,72
11799,72
10672,72
9906,72
170,72
1349,72
12145,72
10225,72
3856,72
10248,72
13002,72
7424,72
3896,72
9264,72
7464,72
8494,72
4281,72
5270,72
3010,72
8727,72
4186,72
11449,72
5792,72
8381,72
2451,72
2430,72
12341,72
10273,72
5251,72
13802,72
98,71
8318,71
4046,71
1662,71
3968,71
9651,71
2258,71
6881,71
6760,71
848,71
3928,71
7931,71
4267,71
6565,71
3823,71
11865,71
7374,71
2959,71
9054,71
130,71
13637,71
5053,70
1137,70
11246,70
10118,70
10952,70
3547,70
3501,70
7615,70
2892,70
6841,70
13688,70
11847,70
7115,70
7705,70
8566,70
13268,70
503,70
13331,70
3122,70
11772,70
10723,70
11285,69
11160,69
1585,69
11816,69
10911,69
8175,69
7327,69
9239,69
8532,69
11786,69
5191,69
7704,69
10409,69
8448,69
12094,69
13208,69
11500,69
684,68
11810,68
4851,68
2305,68
7806,68
6606,68
8577,68
10899,68
4183,68
6379,68
9392,68
6263,68
7903,68
7913,68
5445,68
2201,68
1945,68
13468,68
4344,68
8659,68
14011,68
13805,68
2935,68
4591,67
13539,67
5803,67
3439,67
8523,67
11063,67
14027,67
121,67
261,67
109,67
4767,67
10320,67
9455,67
5404,67
3450,67
9371,67
9600,67
9879,67
274,66
4596,66
9902,66
1664,66
9112,66
13153,66
12422,66
9791,66
551,66
5725,66
602,66
4545,66
4102,66
3564,66
701,66
12572,66
9163,66
3192,66
9706,66
5066,66
9554,66
961,66
3399,66
346,66
421,66
12684,66
1925,66
9585,66
8655,66
6674,66
1060,66
4491,66
5639,66
3741,65
9502,65
5784,65
1340,65
8589,65
7861,65
8858,65
1775,65
9826,65
13877,65
11106,65
9149,65
4205,65
9663,65
7130,65
4664,65
2874,65
3474,65
9277,65
65,65
635,65
4430,65
10075,65
9507,64
6183,64
5199,64
13692,64
8355,64
5882,64
2250,64
10164,64
3791,64
14044,64
11725,64
2655,64
9864,64
937,64
13604,64
6158,64
9957,64
13351,64
10949,64
9621,64
59,64
11277,64
4959,64
2685,63
216,63
11852,63
5431,63
4808,63
3460,63
534,63
9256,63
3871,63
7360,63
2393,63
13237,63
4940,63
9084,63
1280,63
2755,63
1671,63
12967,63
7875,63
407,63
13687,63
8091,63
656,63
3088,62
1134,62
1281,62
1094,62
12995,62
8397,62
4257,62
12089,62
3030,62
8988,62
9347,62
4140,62
3854,62
11514,62
4695,62
10068,62
5641,62
8306,62
4924,62
8638,62
6634,62
10076,62
1293,62
4163,61
7962,61
7777,61
13484,61
377,61
2423,61
6668,61
11041,61
5401,61
3566,61
11709,61
178,61
11167,61
249,61
9410,61
13503,61
140,61
5799,61
2906,61
10980,61
10803,61
5757,61
6879,61
81,61
3880,61
6756,60
6080,60
1113,60
496,60
13175,60
1405,60
13382,60
7585,60
13968,60
2112,60
5680,60
6050,60
5957,60
8745,60
9955,60
627,60
1186,60
6992,60
11969,60
9376,60
5482,60
5138,60
8565,60
5759,60
4985,60
6205,59
4855,59
5413,59
13733,59
3815,59
10205,59
11325,59
10813,59
6820,59
9950,59
13125,59
7744,59
10449,59
4836,59
4907,59
10259,59
4543,59
9073,59
11156,59
14068,59
13558,59
9945,58
5010,58
5583,58
7017,58
6685,58
12588,58
5288,58
1019,58
8297,58
12912,58
7790,58
3565,58
9081,58
8518,58
11807,58
13938,58
7550,58
2417,58
9336,58
5341,58
9838,58
13036,58
4428,58
11778,58
12832,57
11280,57
6812,57
13075,57
5416,57
6103,57
9886,57
9668,57
477,57
5519,57
4519,57
8274,57
2358,57
235,57
6276,57
4654,57
13501,57
2893,57
10327,57
11426,57
1243,57
11849,57
6961,57
1503,57
1040,57
8753,57
6790,56
12242,56
13286,56
11451,56
12712,56
13984,56
4161,56
12534,56
2131,56
3022,56
9694,56
11880,56
3392,56
4637,56
13311,56
4404,56
13495,56
1982,56
563,56
8337,56
3788,56
2323,56
9851,56
1062,56
4646,56
6751,55
11830,55
13586,55
11249,55
8353,55
10932,55
6377,55
13218,55
10000,55
9266,55
2696,55
3755,55
5541,55
8149,55
520,55
3782,55
2573,55
13320,55
9873,55
11527,55
7275,55
8719,54
9523,54
794,54
11242,54
2307,54
6920,54
1620,54
1777,54
5471,54
629,54
8290,54
921,54
78,54
6803,54
8513,54
202,54
6708,54
12988,54
2450,54
12086,54
10827,54
5344,54
12628,54
6616,54
12852,53
795,53
194,53
3386,53
9803,53
2800,53
2785,53
6376,53
8947,53
6167,53
9007,53
4551,53
8838,53
11801,53
6266,53
12888,53
5210,53
2658,53
12726,53
7857,53
7906,53
9431,53
7332,53
12320,53
10841,53
5099,53
13032,53
2292,53
9717,52
11203,52
13779,52
7067,52
10833,52
7024,52
2392,52
13231,52
884,52
7387,52
6198,52
4692,52
11462,52
1103,52
1679,52
12255,52
6486,52
9317,52
5297,52
9124,52
73,52
4936,52
11154,52
2162,52
1170,51
8015,51
11116,51
3002,51
10958,51
4378,51
7616,51
9164,51
6782,51
1147,51
1745,51
7198,51
11823,51
12637,51
12609,51
305,51
10928,51
7059,51
12305,51
7810,51
2628,51
9262,51
9014,51
873,50
11286,50
3536,50
3458,50
3666,50
7128,50
299,50
3262,50
2137,50
8741,50
11787,50
12419,50
9121,50
966,50
8157,50
8692,50
11964,50
2412,50
2593,50
10840,50
13031,50
4068,49
12072,49
11264,49
10349,49
4842,49
12359,49
5999,49
6785,49
9702,49
835,49
2012,49
13124,49
3677,49
904,49
9409,49
10584,49
1085,49
8694,49
3986,49
9462,49
14056,49
5909,49
4955,49
672,49
10842,49
8805,49
12014,48
4742,48
8076,48
1117,48
13163,48
1683,48
10413,48
10081,48
537,48
9288,48
12695,48
1053,48
14060,48
12075,48
3261,48
9825,48
13008,48
7426,48
3092,48
3897,48
12508,48
2697,48
385,48
13669,48
12846,48
13946,48
8060,48
10115,48
7878,48
10960,48
12616,48
1827,48
6345,48
1914,48
3144,48
1746,48
2707,47
3919,47
69,47
9544,47
9880,47
1549,47
2864,47
6149,47
223,47
6357,47
6070,47
8027,47
13255,47
7589,47
12848,47
13316,47
12042,47
6464,47
4224,47
6706,47
2262,47
8388,47
11581,47
2438,47
9353,47
5960,47
9855,47
10845,47
6003,47
8030,46
9174,46
12126,46
4788,46
8924,46
10910,46
8110,46
10605,46
9792,46
4746,46
1434,46
4604,46
13795,46
2136,46
13430,46
9975,46
1371,46
2540,46
12767,46
13143,46
5224,46
13221,46
10034,46
1845,46
2360,46
10677,46
7256,46
13474,46
4493,46
12606,46
8545,45
9524,45
2534,45
10531,45
914,45
7754,45
11208,45
11192,45
3225,45
12523,45
12914,45
668,45
1883,45
1367,45
9764,45
10417,45
13084,45
13649,45
4616,45
826,45
12781,45
4419,45
11980,45
3469,45
7945,45
5474,45
9996,45
523,45
1921,45
2622,45
770,45
10869,45
6587,45
4497,45
12050,44
975,44
7926,44
3042,44
594,44
2464,44
12148,44
1978,44
3294,44
1056,44
12634,44
2339,44
11550,44
1753,44
5877,44
2266,44
9495,44
6728,44
867,44
1419,44
308,44
6135,44
4489,44
5432,44
6696,44
3255,44
2850,44
10861,44
1714,44
1528,44
3345,44
5093,44
11096,44
112,44
3008,43
3062,43
3669,43
9794,43
8395,43
3836,43
7065,43
13673,43
8477,43
8411,43
7588,43
1878,43
8497,43
11294,43
1992,43
5068,43
845,43
8935,43
3981,43
1182,43
6979,43
1399,43
526,43
1908,43
12505,43
10865,43
1785,43
10294,43
7298,43
4441,43
10881,42
10398,42
10700,42
158,42
11472,42
5825,42
5828,42
3061,42
2802,42
8941,42
13251,42
10812,42
14020,42
4109,42
7388,42
5330,42
5851,42
2734,42
19,42
8102,42
8548,42
344,42
10962,42
4384,42
3787,42
3311,42
1497,42
2645,42
11711,42
7828,42
8483,42
2687,41
12831,41
11118,41
8865,41
6366,41
7168,41
9675,41
10594,41
13999,41
12424,41
13929,41
7524,41
13279,41
6136,41
9268,41
2235,41
6392,41
5742,41
2962,41
13818,41
105,41
8530,41
4633,41
6093,41
12469,41
2028,41
4203,41
11216,41
2872,41
4833,41
3808,41
9031,41
8652,41
1862,41
7934,40
8882,40
4785,40
10458,40
11224,40
8940,40
1435,40
5534,40
11596,40
2849,40
3038,40
6394,40
14045,40
1050,40
3737,40
160,40
5603,40
3467,40
8934,40
9467,40
11372,40
4424,40
8146,40
3801,40
12477,40
13788,40
10272,40
3447,40
1865,40
12362,40
5150,40
11247,39
10358,39
5826,39
3604,39
6312,39
10434,39
4804,39
2069,39
8295,39
7802,39
12338,39
1703,39
7610,39
1078,39
6625,39
10387,39
6193,39
3013,39
1372,39
6466,39
4834,39
7689,39
8282,39
4349,39
7816,39
4973,39
4151,39
2592,39
12503,39
12566,39
111,39
12892,39
11640,38
9940,38
498,38
7970,38
7525,38
3244,38
8472,38
10494,38
10951,38
13589,38
13021,38
1185,38
13067,38
9186,38
13947,38
9148,38
1696,38
12438,38
8348,38
7877,38
12943,38
546,38
428,38
11672,38
3762,38
1563,38
1769,37
13847,37
6776,37
9969,37
810,37
5078,37
1133,37
3281,37
9734,37
1689,37
8559,37
10937,37
1934,37
8379,37
4096,37
6371,37
13426,37
13257,37
3851,37
9227,37
13628,37
8748,37
13835,37
5062,37
4402,37
5830,37
6090,37
866,37
1314,37
12486,37
4016,37
1379,37
3821,37
3217,37
12925,37
9604,37
7787,37
5486,37
9582,37
2641,37
3556,37
5087,37
8712,36
237,36
1136,36
8509,36
2558,36
13792,36
12088,36
7715,36
8457,36
8455,36
7545,36
13519,36
2171,36
2335,36
7248,36
13061,36
11745,36
9704,36
6976,36
6747,36
11844,36
2779,36
4412,36
11989,36
282,36
10963,36
1975,36
9026,36
4176,36
12405,36
2602,36
75,36
890,36
2920,36
7398,36
175,35
2090,35
5074,35
4720,35
595,35
1423,35
6329,35
5880,35
9453,35
3342,35
8117,35
4379,35
742,35
11769,35
345,35
2718,35
11252,35
4698,35
2004,35
11988,35
12725,35
2991,35
11906,35
4361,35
4307,35
3444,35
12803,35
10551,35
8840,34
13675,34
7774,34
12798,34
9736,34
3603,34
12098,34
3385,34
1543,34
9309,34
479,34
7984,34
10622,34
10999,34
5244,34
6123,34
762,34
2782,34
1531,34
13045,34
7197,34
7449,34
3676,34
2249,34
11396,34
2481,34
2873,34
8113,34
4098,34
2165,34
1049,34
5113,34
13880,34
11896,34
2151,34
5154,34
10641,34
10189,33
12208,33
6232,33
1570,33
4417,33
8112,33
450,33
9987,33
9341,33
8602,33
8231,33
6593,33
6598,33
11534,33
6037,33
2652,33
12642,33
7445,33
1946,33
2668,33
11627,33
8972,33
7944,33
4873,33
2815,33
7535,33
5488,33
1043,33
1964,33
1780,33
134,33
4054,33
7042,32
5052,32
7238,32
5012,32
5823,32
5202,32
12166,32
10668,32
3035,32
13677,32
10123,32
11936,32
10220,32
7793,32
6646,32
9690,32
7633,32
9843,32
7654,32
3504,32
8832,32
163,32
12021,32
8042,32
11120,32
6261,32
12310,32
7910,32
12955,32
8100,32
3188,32
5424,32
13181,32
11371,32
7854,32
6695,32
9351,32
1391,32
7786,32
13715,32
4511,32
1272,32
10278,32
10867,32
5947,32
3142,32
9683,32
11151,32
1177,31
1729,31
1680,31
9447,31
12992,31
13360,31
13944,31
5539,31
6965,31
12108,31
1816,31
5285,31
4142,31
11491,31
12576,31
6827,31
1162,31
7268,31
1778,31
6250,31
6592,31
7483,31
12496,31
12887,31
13919,31
5870,31
11942,31
12062,31
3357,31
12928,31
4566,31
3570,31
9156,31
8823,31
10399,30
256,30
11831,30
7575,30
1022,30
8674,30
11366,30
2424,30
5280,30
14065,30
6664,30
8789,30
8434,30
5971,30
10263,30
13588,30
3371,30
1077,30
11748,30
2505,30
12497,30
10300,30
10461,30
2121,30
40,30
12728,30
7992,30
1390,30
2336,30
11337,30
9814,30
2381,30
5366,30
2022,30
11930,30
9527,29
2651,29
13074,29
8036,29
10222,29
11854,29
8120,29
4217,29
13668,29
2787,29
2059,29
7062,29
1382,29
2429,29
7799,29
11065,29
7803,29
2581,29
12644,29
8747,29
7652,29
11258,29
7190,29
4764,29
10197,29
2703,29
12476,29
12045,29
9394,29
6246,29
5645,29
1318,29
5029,29
7285,29
7090,29
12557,29
10403,29
13244,29
426,29
1232,29
2146,29
3316,29
6897,29
5039,29
779,29
6870,29
10843,29
6002,29
10640,29
9253,28
3684,28
5672,28
3007,28
7776,28
3643,28
9549,28
7751,28
1682,28
10934,28
1347,28
13362,28
573,28
9986,28
1389,28
9428,28
5287,28
10202,28
4294,28
931,28
12085,28
11309,28
12378,28
5316,28
127,28
4752,28
10368,28
8062,28
4920,28
3610,28
13357,28
5560,28
1089,28
6328,28
2474,28
900,28
12920,28
51,28
2992,28
11031,28
14075,28
1498,28
7313,28
6069,28
12549,28
4433,28
1061,28
3141,28
12604,28
5156,28
13096,27
8766,27
12794,27
5221,27
10471,27
5414,27
4223,27
557,27
11598,27
6406,27
5162,27
3098,27
10281,27
13629,27
3711,27
9866,27
3503,27
13836,27
1075,27
2705,27
12269,27
5940,27
7114,27
1672,27
4793,27
8101,27
3182,27
13950,27
4835,27
12498,27
8384,27
3356,27
13184,27
13182,27
12448,27
4672,27
8461,27
10238,27
11018,27
13930,27
9601,27
2609,27
1273,27
2345,27
317,27
11524,27
5097,27
3764,27
2499,27
11172,27
6346,26
10469,26
151,26
12002,26
12225,26
13765,26
5886,26
5530,26
3832,26
11628,26
9344,26
7563,26
11683,26
5977,26
1538,26
12502,26
8815,26
5389,26
5620,26
11614,26
12259,26
7529,26
5215,26
1333,26
10132,26
10168,26
13264,26
5507,26
10989,26
6341,26
8463,26
13220,26
351,26
3128,26
6872,26
737,26
6834,26
6817,25
10571,25
4745,25
8863,25
13341,25
2768,25
1302,25
2035,25
4279,25
9984,25
1381,25
2428,25
9289,25
7823,25
12332,25
6840,25
13390,25
7657,25
7965,25
7150,25
11788,25
10324,25
480,25
11440,25
10303,25
13443,25
11424,25
11843,25
1658,25
9897,25
8206,25
9346,25
5448,25
5299,25
5295,25
5716,25
1983,25
3861,25
896,25
6878,25
5083,25
137,25
96,24
9754,24
5619,24
13654,24
9485,24
7907,24
3043,24
1403,24
1648,24
2077,24
6148,24
6883,24
10023,24
260,24
723,24
4022,24
11766,24
11765,24
8834,24
10425,24
786,24
9932,24
2543,24
6416,24
13682,24
12624,24
11404,24
3210,24
11375,24
9629,24
8140,24
422,24
4171,24
2224,24
5710,24
11674,24
6063,24
12323,24
5345,24
4951,24
9129,24
8657,24
2100,24
4324,24
7624,24
7628,24
11155,24
11157,24
8841,23
694,23
9961,23
5059,23
5386,23
6411,23
6081,23
8636,23
7752,23
13482,23
9449,23
9454,23
3812,23
11001,23
7796,23
6395,23
13234,23
10018,23
7355,23
8255,23
13887,23
5361,23
2354,23
11555,23
1713,23
682,23
5996,23
9173,23
3016,23
13875,23
5069,23
9935,23
13684,23
9122,23
12079,23
8360,23
13952,23
12723,23
11350,23
11356,23
14076,23
7318,23
4971,23
11676,23
1809,23
8424,23
7279,23
1749,23
11284,22
13533,22
1760,22
7118,22
9389,22
1535,22
6939,22
5035,22
5031,22
11878,22
13771,22
5781,22
9654,22
7086,22
11344,22
3878,22
2239,22
2095,22
11667,22
6885,22
6233,22
12203,22
12059,22
4483,22
12236,22
4246,22
13595,22
8833,22
6789,22
5816,22
4613,22
2714,22
6240,22
9387,22
4790,22
13101,22
2563,22
9545,22
7701,22
13972,22
3405,22
7092,22
7053,22
14071,22
12682,22
12116,22
5903,22
753,22
6623,22
6047,22
14014,22
5778,22
9689,22
4058,22
4447,21
393,21
9759,21
9560,21
793,21
9178,21
12462,21
3916,21
10103,21
853,21
3668,21
13177,21
12289,21
12156,21
5434,21
5537,21
372,21
2001,21
8921,21
9286,21
8984,21
11329,21
6665,21
7611,21
6152,21
4126,21
12355,21
1898,21
5164,21
10422,21
703,21
3719,21
12645,21
3172,21
10898,21
12232,21
12706,21
3698,21
4765,21
11108,21
6425,21
1522,21
10190,21
7046,21
6241,21
3904,21
10321,21
4896,21
8894,21
4326,21
3848,21
13302,21
32,21
2834,21
10617,21
8105,21
9069,21
4487,21
545,21
12729,21
2383,21
10302,21
10301,21
8653,21
9854,21
10737,21
277,20
10374,20
9565,20
798,20
6412,20
6088,20
971,20
13481,20
2299,20
12672,20
5785,20
7126,20
1665,20
339,20
1343,20
12146,20
2447,20
10419,20
8944,20
13278,20
5517,20
10834,20
1359,20
10028,20
2945,20
13704,20
10859,20
2357,20
13020,20
264,20
4652,20
9391,20
5003,20
6118,20
2009,20
949,20
7136,20
1652,20
5546,20
8211,20
464,20
9616,20
3825,20
14074,20
5713,20
7596,20
5966,20
10860,20
2642,20
2643,20
13019,20
2340,20
3883,20
2401,20
13630,20
2498,20
6830,20
8488,20
10885,19
10745,19
4241,19
11817,19
3384,19
8691,19
3605,19
13345,19
8580,19
10971,19
11231,19
8604,19
11006,19
11341,19
10438,19
2399,19
927,19
12519,19
11728,19
7389,19
5313,19
5085,19
7468,19
12849,19
846,19
5235,19
8303,19
4420,19
5196,19
7112,19
12709,19
4525,19
10090,19
8164,19
6177,19
13453,19
11905,19
13413,19
1808,19
2386,19
4541,19
7336,19
2970,19
7433,19
6672,19
14016,19
1789,19
9212,19
5417,19
6614,19
6619,19
9528,18
8918,18
13916,18
12209,18
5671,18
14053,18
3459,18
11874,18
6291,18
959,18
1933,18
6108,18
6102,18
9572,18
1368,18
9348,18
10996,18
11008,18
10835,18
8980,18
2154,18
2400,18
2231,18
11328,18
6880,18
11042,18
1879,18
6438,18
709,18
3175,18
13601,18
11767,18
2104,18
5876,18
4885,18
4792,18
1692,18
1693,18
10658,18
12176,18
8910,18
3962,18
2835,18
8107,18
6305,18
10427,18
10094,18
11659,18
12473,18
13635,18
7045,18
979,18
6983,18
3124,18
1997,18
13888,18
3147,18
9688,18
7258,18
86,18
8801,18
12647,18
13559,18
11289,17
7666,17
9172,17
12077,17
6525,17
6322,17
13282,17
2577,17
1466,17
11859,17
331,17
11221,17
6558,17
7085,17
456,17
12938,17
13368,17
1957,17
8241,17
466,17
13869,17
5974,17
2634,17
9697,17
4105,17
8219,17
13814,17
2675,17
2924,17
2317,17
6806,17
1576,17
248,17
9180,17
12023,17
10688,17
5250,17
3019,17
9393,17
453,17
5000,17
5008,17
8932,17
6337,17
11842,17
3965,17
306,17
2044,17
4380,17
7331,17
2767,17
2200,17
11353,17
5462,17
7556,17
9015,17
11484,17
933,17
4498,17
6473,17
13461,17
5905,17
981,17
7016,17
1804,17
3101,17
4956,17
1614,17
898,17
7891,17
9076,17
4918,17
7626,17
5321,17
6835,17
8097,17
9016,17
9138,17
3480,16
6647,16
13891,16
4606,16
9568,16
5656,16
494,16
3265,16
9531,16
5594,16
6934,16
4937,16
7731,16
166,16
8552,16
12214,16
7521,16
11591,16
11592,16
1812,16
3037,16
10871,16
14007,16
9696,16
4715,16
5422,16
4939,16
11162,16
3699,16
18,16
10505,16
10312,16
10198,16
7968,16
4403,16
7157,16
1738,16
12466,16
1068,16
11255,16
9910,16
9144,16
4236,16
8592,16
3251,16
2063,16
8440,16
4170,16
4507,16
11336,16
7818,16
638,16
7912,16
13634,16
10489,16
1529,16
2919,16
6857,16
11099,16
11543,15
7667,15
9509,15
13982,15
2180,15
12878,15
1589,15
6645,15
1966,15
3601,15
1667,15
13900,15
2270,15
7069,15
7063,15
3818,15
7825,15
9369,15
10371,15
12084,15
4542,15
2940,15
5762,15
7421,15
10855,15
7630,15
4103,15
9087,15
12873,15
12006,15
9244,15
13063,15
11293,15
12274,15
13584,15
5835,15
4426,15
2911,15
1478,15
8911,15
11218,15
13700,15
11948,15
1492,15
12686,15
13226,15
3868,15
10788,15
11920,15
9037,15
5347,15
8671,15
5733,15
3295,15
5696,15
2598,15
3167,15
394,14
1544,14
13671,14
5868,14
8680,14
7938,14
10539,14
11471,14
4856,14
2303,14
10106,14
12792,14
6279,14
9731,14
6475,14
2570,14
10478,14
8925,14
5207,14
5789,14
8026,14
6128,14
13735,14
5188,14
12484,14
3461,14
4351,14
11003,14
10024,14
1038,14
5723,14
12673,14
10378,14
13290,14
8784,14
5105,14
5377,14
9699,14
2330,14
4908,14
5089,14
1284,14
3697,14
13998,14
5808,14
9703,14
2740,14
6741,14
10755,14
7481,14
6313,14
12594,14
7703,14
3634,14
8594,14
3432,14
10429,14
9644,14
8056,14
2813,14
2049,14
548,14
11634,14
9359,14
4995,14
2221,14
5922,14
8403,14
12063,14
14010,14
1784,14
3804,14
12190,14
8750,14
6005,14
7396,14
2496,14
3308,14
1864,14
12011,13
10709,13
2743,13
2319,13
11759,13
7218,13
13849,13
10252,13
2796,13
152,13
2721,13
5674,13
2882,13
12265,13
7284,13
3917,13
5847,13
2571,13
13327,13
7292,13
10025,13
4061,13
4075,13
4406,13
4275,13
4863,13
10119,13
6947,13
6374,13
5106,13
1774,13
8989,13
3490,13
7366,13
11326,13
5122,13
2617,13
10497,13
6122,13
6156,13
6053,13
9044,13
5769,13
5767,13
10426,13
3374,13
4480,13
1981,13
8572,13
3710,13
5144,13
13530,13
10041,13
2676,13
104,13
7446,13
2196,13
11102,13
4290,13
6378,13
4255,13
3011,13
355,13
5240,13
13726,13
12787,13
906,13
11213,13
9142,13
11538,13
11400,13
1881,13
1446,13
8201,13
11940,13
2878,13
5508,13
11899,13
5904,13
12521,13
13206,13
1732,13
10868,13
2105,13
12568,13
7417,13
7456,12
4738,12
1767,12
1764,12
13895,12
7819,12
3025,12
2098,12
10306,12
4975,12
2887,12
11476,12
4789,12
195,12
196,12
4084,12
13167,12
11450,12
1681,12
3434,12
9110,12
10601,12
2277,12
1817,12
10992,12
4723,12
9367,12
8299,12
10430,12
5741,12
12676,12
5436,12
6079,12
4941,12
4942,12
10496,12
9824,12
5972,12
2580,12
3548,12
4330,12
10854,12
12182,12
1796,12
2071,12
4618,12
1510,12
2672,12
727,12
4731,12
6117,12
7678,12
13069,12
12820,12
9321,12
10196,12
4772,12
141,12
12273,12
204,12
3655,12
4401,12
13724,12
6721,12
6092,12
13933,12
4802,12
3826,12
12297,12
6932,12
7871,12
8305,12
10160,12
12138,12
3233,12
2331,12
6347,12
6501,12
993,12
11332,12
9008,12
8215,12
2600,12
6899,12
6624,12
9830,12
12648,12
3722,12
13017,12
3706,12
9096,12
4981,12
5632,12
11875,11
10884,11
10397,11
5610,11
6778,11
9504,11
10183,11
8039,11
4297,11
5861,11
4687,11
12055,11
1132,11
2,11
11792,11
7773,11
12830,11
2765,11
491,11
957,11
10451,11
1400,11
12287,11
9039,11
8965,11
5888,11
4094,11
2073,11
11319,11
6946,11
9630,11
10362,11
13427,11
13274,11
3811,11
2982,11
10837,11
3790,11
7808,11
10026,11
741,11
11043,11
7501,11
5975,11
6051,11
4332,11
9304,11
3731,11
14008,11
13641,11
4108,11
10572,11
3569,11
3712,11
263,11
471,11
12267,11
8054,11
5997,11
7194,11
8185,11
10509,11
3752,11
2716,11
482,11
29,11
2056,11
4795,11
3050,11
7113,11
9451,11
3422,11
11238,11
8957,11
8958,11
8758,11
11373,11
9333,11
10334,11
1395,11
4710,11
10176,11
8992,11
1944,11
13567,11
8402,11
2389,11
6898,11
7041,11
5695,11
4548,11
778,11
11735,11
8922,11
12367,11
131,11
13803,11
5322,11
2407,11
8555,11
10648,11
6414,10
3745,10
11112,10
7886,10
3587,10
2798,10
9777,10
13402,10
13770,10
1571,10
13137,10
7775,10
3284,10
5015,10
915,10
7162,10
7161,10
2769,10
13785,10
495,10
8699,10
4849,10
1507,10
4453,10
8900,10
9113,10
9440,10
3970,10
2789,10
13738,10
8556,10
11977,10
7321,10
3780,10
11369,10
12102,10
13711,10
11915,10
433,10
13250,10
8298,10
7560,10
5123,10
12204,10
13435,10
12334,10
2943,10
11040,10
8643,10
5241,10
5374,10
12447,10
6604,10
1041,10
6842,10
4104,10
1454,10
13506,10
7386,10
12618,10
5142,10
10721,10
10543,10
11511,10
9089,10
13596,10
5605,10
5607,10
12026,10
2500,10
10562,10
8871,10
12041,10
6141,10
487,10
7741,10
10650,10
3057,10
4207,10
11186,10
5548,10
463,10
7071,10
8382,10
6566,10
8441,10
2998,10
7835,10
14072,10
7782,10
11331,10
10829,10
1926,10
11673,10
4711,10
7371,10
8677,10
1842,10
8427,10
4434,10
864,10
7434,10
8221,10
673,10
6028,10
10291,10
719,10
4756,10
6859,10
7623,10
11897,10
1743,10
13821,10
3519,9
7185,9
392,9
3744,9
13545,9
8843,9
2182,9
6234,9
5267,9
10742,9
2142,9
683,9
7283,9
11620,9
11479,9
797,9
10452,9
9903,9
9908,9
3664,9
13325,9
12812,9
1460,9
11996,9
11228,9
12821,9
2468,9
9669,9
1432,9
7842,9
1608,9
13716,9
5289,9
3796,9
5498,9
8294,9
11020,9
11067,9
9672,9
11686,9
2135,9
5368,9
10268,9
1897,9
10423,9
13025,9
2070,9
2333,9
5149,9
7241,9
4682,9
13603,9
10383,9
11165,9
11571,9
9512,9
12599,9
5812,9
13940,9
8180,9
6740,9
209,9
4194,9
929,9
174,9
4033,9
481,9
1792,9
10653,9
5021,9
11848,9
1411,9
4106,9
11210,9
4894,9
5133,9
6324,9
10445,9
12766,9
10945,9
9403,9
12966,9
3985,9
3379,9
13722,9
2876,9
9484,9
10235,9
13710,9
4299,9
13412,9
9356,9
7379,9
10805,9
2387,9
1849,9
9269,9
710,9
5082,9
9095,9
12643,9
7037,9
91,8
10574,8
12032,8
3683,8
3533,8
3532,8
7949,8
14052,8
10346,8
9927,8
3642,8
9737,8
852,8
13113,8
6713,8
13902,8
12756,8
10253,8
9114,8
1345,8
6928,8
2804,8
5555,8
9883,8
2257,8
4639,8
8170,8
9415,8
8398,8
2441,8
2195,8
4829,8
801,8
5421,8
2421,8
12082,8
1553,8
6131,8
4358,8
11004,8
6352,8
13490,8
8669,8
14046,8
1202,8
4148,8
3853,8
4317,8
6861,8
11518,8
5976,8
10628,8
11531,8
4650,8
3718,8
5335,8
13044,8
11100,8
227,8
821,8
11800,8
2897,8
13871,8
7914,8
3611,8
9587,8
11407,8
9665,8
4862,8
2248,8
12556,8
5524,8
12944,8
13721,8
3220,8
7991,8
6628,8
3456,8
13620,8
13249,8
4673,8
10054,8
1007,8
11010,8
11012,8
9810,8
9424,8
12093,8
3107,8
6384,8
3336,8
9834,8
10652,8
4138,8
4546,8
2594,8
2027,8
676,8
2491,8
13010,8
12705,8
12199,8
12434,8
13522,8
84,8
13471,8
3882,8
3169,8
2006,8
8193,8
11547,7
12016,7
4730,7
3740,7
7217,7
3583,7
10765,7
6980,7
1151,7
12444,7
12057,7
10749,7
2144,7
3270,7
8768,7
2709,7
6257,7
10670,7
11814,7
12896,7
2731,7
10337,7
6710,7
10476,7
7107,7
13690,7
11197,7
3955,7
1766,7
9448,7
9442,7
3411,7
10255,7
7718,7
833,7
4009,7
8964,7
608,7
10959,7
6942,7
13190,7
6684,7
320,7
5518,7
1011,7
4989,7
1277,7
13238,7
13239,7
8417,7
4146,7
743,7
1181,7
11305,7
12531,7
13297,7
11517,7
5978,7
12358,7
9043,7
12515,7
10856,7
13022,7
12571,7
8188,7
123,7
12279,7
13581,7
720,7
1164,7
3195,7
12235,7
8835,7
12007,7
2699,7
13992,7
13652,7
9974,7
3205,7
12841,7
406,7
13123,7
6720,7
7178,7
10921,7
7976,7
1909,7
11181,7
9476,7
2792,7
10428,7
4810,7
11617,7
6362,7
10156,7
2209,7
9296,7
8466,7
2223,7
2083,7
12308,7
7244,7
23,7
6520,7
3485,7
4368,7
11079,7
6894,7
9125,7
4131,7
10276,7
10279,7
7335,7
11737,7
5110,7
4443,7
11503,7
9238,7
6025,7
3551,7
5770,7
2061,7
5080,7
13699,7
2938,7
11262,7
11175,7
12554,7
8825,7
1562,7
10693,6
7184,6
2031,6
4847,6
6535,6
4727,6
5849,6
12039,6
12589,6
13678,6
2181,6
2726,6
10511,6
8866,6
11137,6
12260,6
7494,6
2554,6
5013,6
13309,6
7160,6
12169,6
11261,6
197,6
4622,6
8903,6
3665,6
3663,6
13967,6
650,6
314,6
13901,6
6297,6
6290,6
13778,6
952,6
9677,6
1540,6
5124,6
6100,6
9445,6
11414,6
579,6
578,6
7508,6
10956,6
4399,6
8553,6
4260,6
3834,6
11593,6
11973,6
802,6
11230,6
2844,6
3810,6
10998,6
13709,6
6895,6
6428,6
6317,6
6319,6
1220,6
11669,6
11496,6
6391,6
4135,6
3364,6
13232,6
4552,6
2619,6
4944,6
12777,6
10260,6
9045,6
5373,6
3134,6
5184,6
10603,6
9062,6
7220,6
7245,6
7249,6
13951,6
9860,6
6787,6
1141,6
13298,6
4760,6
2508,6
5045,6
7982,6
4617,6
3014,6
3909,6
2522,6
11467,6
11254,6
5839,6
6495,6
4899,6
10351,6
11442,6
2285,6
182,6
10623,6
3614,6
1676,6
12257,6
12987,6
30,6
3465,6
3639,6
11405,6
7688,6
8593,6
3409,6
12373,6
10139,6
13959,6
7699,6
9434,6
9659,6
4032,6
2455,6
9154,6
11635,6
6621,6
9020,6
54,6
8995,6
2853,6
424,6
4078,6
7395,6
8111,6
11333,6
3276,6
6340,6
6715,6
9603,6
4048,6
10808,6
10807,6
5969,6
2365,6
5213,6
6871,6
1719,6
2492,6
3340,6
10754,6
3704,6
1880,6
7625,6
1297,6
8569,6
7477,6
11938,6
7272,6
8820,6
7642,6
4522,5
6536,5
13531,5
7665,5
5616,5
11561,5
11562,5
5054,5
12200,5
9943,5
12051,5
12871,5
11244,5
688,5
13130,5
5624,5
4413,5
6330,5
13614,5
4783,5
11265,5
10459,5
13162,5
7750,5
6718,5
13750,5
13758,5
11458,5
10475,5
13695,5
312,5
875,5
8137,5
8131,5
8352,5
5798,5
12751,5
3414,5
3419,5
2807,5
8588,5
8585,5
12979,5
6944,5
3990,5
584,5
5408,5
5536,5
1341,5
11026,5
1600,5
5479,5
7341,5
8529,5
10060,5
11348,5
6314,5
13679,5
10436,5
5933,5
2397,5
1203,5
5917,5
9770,5
5423,5
4011,5
12590,5
9041,5
3136,5
5181,5
10852,5
12635,5
1986,5
129,5
7243,5
6016,5
2310,5
5850,5
4689,5
6355,5
1223,5
1146,5
3758,5
8700,5
5606,5
6407,5
10057,5
1995,5
13648,5
4881,5
10525,5
4180,5
2891,5
9555,5
7173,5
1475,5
5833,5
3445,5
7725,5
6707,5
12581,5
641,5
6119,5
6116,5
7286,5
12291,5
13306,5
12629,5
13762,5
8520,5
13577,5
3257,5
6172,5
6959,5
10289,5
11130,5
561,5
6157,5
10098,5
9466,5
9425,5
11586,5
5294,5
9997,5
12114,5
8286,5
13882,5
12736,5
13384,5
1823,5
5587,5
5483,5
636,5
11670,5
12661,5
6629,5
12600,5
12603,5
10014,5
7278,5
13751,5
2973,5
3127,5
7896,5
5775,5
10674,5
2123,5
5170,5
7254,5
6856,5
9871,5
991,5
12383,5
736,5
7478,5
7648,5
10232,5
7923,5
4446,4
3518,4
1178,4
7188,4
7455,4
11288,4
9756,4
5860,4
10375,4
10513,4
8199,4
8740,4
5079,4
13097,4
1130,4
8508,4
3277,4
11243,4
6935,4
9714,4
5657,4
13344,4
9925,4
5992,4
2559,4
3705,4
13617,4
2766,4
9735,4
4915,4
499,4
13489,4
5585,4
1335,4
10645,4
6294,4
2038,4
13171,4
6451,4
4067,4
5786,4
6066,4
3388,4
10938,4
9119,4
12752,4
3413,4
10665,4
13157,4
7713,4
11411,4
11417,4
2462,4
8968,4
1646,4
570,4
2808,4
3367,4
5887,4
5885,4
6556,4
6126,4
860,4
3996,4
4029,4
10149,4
6578,4
2273,4
10621,4
5891,4
8621,4
8150,4
8450,4
7540,4
12691,4
7820,4
4988,4
3309,4
4060,4
8470,4
7369,4
11937,4
1031,4
1036,4
8275,4
2377,4
13211,4
13431,4
12352,4
1076,4
1072,4
9305,4
4571,4
3730,4
3893,4
9064,4
3153,4
8576,4
8571,4
7402,4
2013,4
13569,4
6490,4
9260,4
12393,4
8558,4
11575,4
3529,4
1142,4
2263,4
7765,4
387,4
11743,4
10506,4
13857,4
1520,4
2706,4
1196,4
823,4
3197,4
9577,4
843,4
5238,4
6723,4
1690,4
1479,4
6280,4
181,4
5211,4
8321,4
647,4
10463,4
7110,4
643,4
4100,4
1415,4
11217,4
7282,4
6612,4
11187,4
11188,4
3466,4
1655,4
1433,4
8447,4
6179,4
12969,4
12960,4
12963,4
11391,4
6585,4
7075,4
12499,4
8386,4
11378,4
1502,4
6360,4
9339,4
3352,4
549,4
12613,4
7338,4
11961,4
7052,4
9999,4
53,4
6692,4
2489,4
7552,4
12901,4
12900,4
7780,4
4347,4
4972,4
9335,4
5481,4
68,4
3863,4
8672,4
12813,4
11698,4
2591,4
774,4
11734,4
1788,4
8467,4
1259,4
11501,4
13424,4
6023,4
12366,4
13422,4
13013,4
13578,4
11152,4
8322,4
990,4
12382,4
2297,4
7270,4
7649,4
273,3
92,3
9287,3
11283,3
13537,3
8846,3
1768,3
8718,3
11762,3
11569,3
12030,3
13072,3
4292,3
6203,3
6208,3
12238,3
12206,3
4978,3
3310,3
3471,3
4452,3
12895,3
6336,3
11266,3
9678,3
12247,3
9730,3
13536,3
13117,3
1685,3
4218,3
7288,3
3436,3
3048,3
3040,3
7523,3
13391,3
1325,3
3953,3
7664,3
13340,3
6335,3
2820,3
2821,3
2822,3
3263,3
7710,3
7714,3
4001,3
9433,3
1644,3
2806,3
3360,3
8581,3
6125,3
2190,3
11959,3
11388,3
2445,3
8946,3
558,3
457,3
2194,3
10970,3
13449,3
8312,3
12957,3
11027,3
12109,3
10027,3
6510,3
7541,3
10997,3
8522,3
5284,3
11913,3
1015,3
5708,3
12455,3
716,3
2065,3
8292,3
8245,3
11323,3
3845,3
1207,3
8279,3
6239,3
13429,3
6073,3
2612,3
8642,3
1704,3
12535,3
14025,3
1918,3
7505,3
10011,3
12771,3
2632,3
9226,3
12354,3
10267,3
5180,3
3739,3
11724,3
9845,3
13502,3
565,3
1188,3
1902,3
12646,3
6679,3
9868,3
265,3
12391,3
5339,3
7461,3
101,3
1351,3
11576,3
4678,3
1246,3
12000,3
10710,3
11749,3
162,3
9767,3
11820,3
4777,3
5815,3
7921,3
203,3
207,3
5061,3
8065,3
7482,3
7489,3
1725,3
1735,3
12717,3
4827,3
12064,3
13934,3
2055,3
13446,3
2020,3
8328,3
6083,3
3842,3
5026,3
5459,3
10468,3
7935,3
1082,3
1088,3
12980,3
9831,3
448,3
8341,3
11409,3
8970,3
5409,3
5895,3
13573,3
9203,3
13144,3
5644,3
13703,3
5791,3
12410,3
3574,3
3576,3
13937,3
11074,3
8564,3
3557,3
13267,3
3350,3
6568,3
5472,3
4529,3
7330,3
7339,3
4717,3
423,3
13886,3
12307,3
4345,3
9038,3
5094,3
13386,3
13554,3
62,3
4150,3
4059,3
10783,3
750,3
6388,3
8567,3
4173,3
8799,3
3849,3
9055,3
13756,3
3442,3
7432,3
10863,3
6873,3
11870,3
1055,3
11504,3
10736,3
3344,3
6022,3
4177,3
5302,3
4321,3
12702,3
10671,3
12565,3
9686,3
6838,3
7006,3
8208,3
3165,3
12811,3
5152,3
11900,3
8776,3
5630,3
8486,3
12012,2
3515,2
7181,2
7183,2
2748,2
1228,2
13535,2
12243,2
6815,2
8842,2
13843,2
2793,2
2519,2
3531,2
13079,2
8037,2
10432,2
2186,2
7235,2
9779,2
6433,2
2898,2
13091,2
12262,2
11999,2
2880,2
4769,2
8186,2
1573,2
8544,2
6805,2
4451,2
3911,2
6732,2
9926,2
212,2
1637,2
11473,2
11812,2
1211,2
4852,2
4629,2
850,2
4089,2
5227,2
13112,2
469,2
4580,2
877,2
13285,2
9594,2
651,2
4235,2
5596,2
4366,2
12670,2
10915,2
3438,2
11994,2
4564,2
12586,2
12585,2
8351,2
956,2
5574,2
6106,2
6105,2
10936,2
10931,2
8020,2
3971,2
12149,2
9652,2
9303,2
6323,2
13485,2
6554,2
2253,2
9798,2
7083,2
7581,2
295,2
7862,2
6227,2
8224,2
9981,2
11024,2
1387,2
5272,2
7847,2
9246,2
4003,2
2846,2
538,2
2217,2
5286,2
7693,2
11007,2
431,2
13661,2
1951,2
622,2
6538,2
4506,2
9301,2
8125,2
1030,2
8086,2
2172,2
4967,2
7232,2
10376,2
465,2
7586,2
12655,2
5914,2
12083,2
9028,2
2108,2
1058,2
4313,2
8647,2
5747,2
1700,2
2376,2
4947,2
13219,2
10490,2
13705,2
12591,2
4124,2
2587,2
2588,2
6055,2
8196,2
12180,2
11726,2
5168,2
11608,2
6591,2
7634,2
4107,2
9646,2
9312,2
6981,2
11884,2
5312,2
5310,2
3158,2
12574,2
7403,2
12298,2
7222,2
9168,2
3373,2
8818,2
9863,2
13810,2
11558,2
12399,2
3178,2
5854,2
3772,2
4021,2
7263,2
6800,2
11168,2
8490,2
4187,2
3693,2
1364,2
10714,2
13068,2
7443,2
383,2
13666,2
3753,2
1107,2
12125,2
8856,2
4693,2
9977,2
9978,2
11827,2
142,2
1191,2
3094,2
11468,2
10786,2
5398,2
403,2
6906,2
8891,2
12785,2
10326,2
9140,2
4900,2
9724,2
9729,2
663,2
13122,2
13120,2
1593,2
12868,2
12807,2
2916,2
12880,2
12808,2
2286,2
10909,2
10305,2
7919,2
6284,2
184,2
12132,2
2757,2
2023,2
5217,2
13108,2
7722,2
7724,2
12071,2
2567,2
11420,2
5020,2
1244,2
7290,2
10323,2
4897,2
6112,2
10922,2
3426,2
1338,2
8346,2
4077,2
13371,2
10116,2
7684,2
9441,2
4266,2
1737,2
1885,2
8596,2
13576,2
10948,2
3076,2
9470,2
7531,2
10610,2
8070,2
12893,2
4039,2
1112,2
1118,2
8155,2
2816,2
8207,2
2267,2
2457,2
10400,2
10158,2
1977,2
5440,2
8449,2
6171,2
12241,2
5296,2
9294,2
12924,2
10217,2
9994,2
1398,2
13625,2
8993,2
4997,2
521,2
6509,2
2082,2
2086,2
13550,2
11907,2
12909,2
12902,2
13557,2
11017,2
9581,2
1929,2
13227,2
10545,2
8266,2
3867,2
3866,2
4513,2
9741,2
11677,2
8670,2
6385,2
13736,2
12543,2
617,2
8422,2
1496,2
8429,2
4132,2
5691,2
1071,2
12340,2
4305,2
8651,2
12501,2
1868,2
5111,2
5119,2
5467,2
2495,2
9853,2
1258,2
4113,2
5945,2
13011,2
3148,2
9011,2
5173,2
7629,2
4503,2
9870,2
6006,2
5091,2
4983,2
11176,2
13639,2
13444,2
6839,2
10558,2
7641,2
10647,2
5983,1
6799,1
12010,1
1176,1
4523,1
12834,1
5228,1
11110,1
5615,1
6772,1
10185,1
4202,1
815,1
5262,1
4196,1
5673,1
8197,1
13734,1
9564,1
13095,1
1587,1
5652,1
2550,1
12164,1
8634,1
9733,1
10586,1
3931,1
9900,1
4042,1
5598,1
11207,1
6937,1
10343,1
1915,1
1323,1
7736,1
955,1
7120,1
1669,1
2829,1
3387,1
1409,1
10036,1
7089,1
13379,1
8116,1
4278,1
5559,1
10444,1
4631,1
8393,1
11381,1
8551,1
7869,1
8044,1
550,1
3348,1
9314,1
452,1
10972,1
13194,1
7320,1
12956,1
804,1
1848,1
7848,1
10163,1
6072,1
13276,1
8459,1
5200,1
2219,1
7302,1
10204,1
9106,1
12454,1
12456,1
5328,1
3246,1
4169,1
11668,1
7364,1
11064,1
4081,1
10811,1
7801,1
4964,1
4960,1
1201,1
1352,1
461,1
8582,1
2618,1
7346,1
3116,1
11302,1
1875,1
2113,1
9887,1
9827,1
11515,1
2584,1
3549,1
761,1
5378,1
12443,1
2978,1
10857,1
10850,1
2350,1
1899,1
6302,1
1539,1
10154,1
11530,1
11809,1
4614,1
13568,1
7437,1
3377,1
8816,1
11556,1
6011,1
12395,1
5333,1
13048,1
724,1
9381,1
5858,1
3773,1
1283,1
8769,1
10243,1
12001,1
9249,1
4671,1
2691,1
1143,1
7196,1
12829,1
13528,1
11744,1
6199,1
10369,1
3455,1
11394,1
2504,1
1623,1
10051,1
559,1
5810,1
144,1
3018,1
8725,1
352,1
9398,1
6905,1
5831,1
2773,1
9726,1
3079,1
10974,1
9931,1
2544,1
5005,1
12593,1
1694,1
1474,1
26,1
2287,1
186,1
13796,1
10152,1
3946,1
13304,1
6963,1
947,1
6325,1
8976,1
7135,1
13970,1
5547,1
9479,1
2245,1
9786,1
12727,1
6488,1
3186,1
3984,1
5257,1
2472,1
7879,1
3218,1
13956,1
49,1
6351,1
13451,1
8236,1
4386,1
1373,1
2749,1
13266,1
2871,1
3355,1
7686,1
12614,1
8637,1
530,1
11351,1
6,1
6690,1
7839,1
9255,1
14078,1
1942,1
3338,1
5222,1
3077,1
1239,1
1264,1
7789,1
5714,1
13225,1
6472,1
2607,1
12329,1
6085,1
13757,1
5736,1
10806,1
3298,1
13201,1
8794,1
9832,1
5697,1
6044,1
76,1
1046,1
4308,1
2327,1
5194,1
10866,1
3720,1
4558,1
9078,1
2910,1
2341,1
5172,1
7255,1
7252,1
7004,1
8752,1
9877,1
3886,1
6701,1
10636,1
12385,1
9097,1
13385,1
8821,1
8773,1
7925,1
11173,1
11179,1
